"","year","region","pctPoverty","medianIncome"
"14",2004,1001,11.6,45379
"39",2004,1003,10,42227
"64",2004,1005,23.9,26495
"89",2004,1007,17.1,34055
"114",2004,1009,12.4,38643
"139",2004,1011,30.3,20485
"164",2004,1013,21,27244
"189",2004,1015,16.9,34813
"214",2004,1017,17.2,30573
"239",2004,1019,16.1,33564
"264",2004,1021,14.8,35507
"289",2004,1023,20.2,27690
"314",2004,1025,20.9,28776
"339",2004,1027,13.9,31194
"364",2004,1029,14.7,34128
"389",2004,1031,14.2,37066
"414",2004,1033,14.7,34575
"439",2004,1035,23.1,24334
"464",2004,1037,14,30173
"489",2004,1039,18.7,29237
"514",2004,1041,18.6,28909
"539",2004,1043,13.8,35150
"564",2004,1045,16.7,34065
"589",2004,1047,27.4,24949
"614",2004,1049,15.8,32286
"639",2004,1051,12.5,43645
"664",2004,1053,20.1,29330
"689",2004,1055,16.1,32727
"714",2004,1057,17.4,30595
"739",2004,1059,17.8,29234
"764",2004,1061,18.1,28787
"789",2004,1063,26.5,22439
"814",2004,1065,22,26841
"839",2004,1067,17.1,32441
"864",2004,1069,15.8,36616
"889",2004,1071,15.3,33733
"914",2004,1073,15.4,38520
"939",2004,1075,16.8,29337
"964",2004,1077,16.2,35166
"989",2004,1079,14.7,34998
"1014",2004,1081,16,34660
"1039",2004,1083,12.7,41830
"1064",2004,1085,25.5,24967
"1089",2004,1087,28.3,23378
"1114",2004,1089,11.7,49441
"1139",2004,1091,21.3,29138
"1164",2004,1093,17.9,28781
"1189",2004,1095,15.8,34855
"1214",2004,1097,20,33191
"1239",2004,1099,18.5,30228
"1264",2004,1101,19.4,35680
"1289",2004,1103,14,40978
"1314",2004,1105,30.4,21640
"1339",2004,1107,20.8,27737
"1364",2004,1109,21.4,28077
"1389",2004,1111,16.1,30973
"1414",2004,1113,19.4,29680
"1439",2004,1115,13.1,41086
"1464",2004,1117,7,61972
"1489",2004,1119,28.3,21189
"1514",2004,1121,17.8,34418
"1539",2004,1123,17.1,31464
"1564",2004,1125,17.2,36598
"1589",2004,1127,16.2,32634
"1614",2004,1129,18.1,32147
"1639",2004,1131,30.4,19682
"1664",2004,1133,17.2,28764
"1689",2004,2013,12.7,39828
"1714",2004,2016,7.4,50670
"1739",2004,2020,8.9,56604
"1764",2004,2050,20.7,36057
"1789",2004,2060,7.6,57963
"1814",2004,2068,6,55983
"1838",2004,2070,17.6,40449
"1863",2004,2090,8,53085
"1888",2004,2100,10.7,40150
"1923",2004,2110,7.5,60195
"1948",2004,2122,9.7,48474
"1973",2004,2130,8.4,51328
"1998",2004,2150,8.5,52734
"2026",2004,2164,16.6,31869
"2051",2004,2170,10.3,56084
"2076",2004,2180,18.2,40010
"2101",2004,2185,12.4,58761
"2126",2004,2188,18,42226
"2160",2004,2201,13.9,36555
"2185",2004,2220,7.7,51494
"2211",2004,2232,11.2,40614
"2235",2004,2240,13.7,44889
"2260",2004,2261,9,51062
"2282",2004,2270,26,27077
"2307",2004,2280,9.7,46189
"2332",2004,2282,9.8,42353
"2356",2004,2290,18.6,30930
"2381",2004,4001,29.8,26592
"2406",2004,4003,17.1,36585
"2431",2004,4005,16.5,40040
"2456",2004,4007,18.2,33412
"2481",2004,4009,22.3,31387
"2506",2004,4011,12.5,43095
"2531",2004,4012,18.9,26722
"2556",2004,4013,13.3,48304
"2581",2004,4015,15.4,34126
"2606",2004,4017,23.7,31554
"2631",2004,4019,15.6,38687
"2656",2004,4021,15.1,40255
"2681",2004,4023,19.1,32901
"2706",2004,4025,12.6,37309
"2731",2004,4027,18.4,34230
"2756",2004,5001,16.8,33764
"2781",2004,5003,18,33039
"2806",2004,5005,13.4,31300
"2831",2004,5007,9.5,47431
"2856",2004,5009,14.4,32721
"2881",2004,5011,20.4,27661
"2906",2004,5013,14.8,30618
"2931",2004,5015,14.3,29437
"2956",2004,5017,28,22319
"2981",2004,5019,17.1,30681
"3006",2004,5021,16.2,28389
"3031",2004,5023,13.7,33053
"3056",2004,5025,14.4,36335
"3081",2004,5027,19.8,30193
"3106",2004,5029,16.1,32865
"3131",2004,5031,15.4,35418
"3156",2004,5033,14.3,36527
"3181",2004,5035,21.9,31381
"3206",2004,5037,18.9,30771
"3231",2004,5039,18.5,27876
"3256",2004,5041,23.3,25470
"3281",2004,5043,18.7,30282
"3306",2004,5045,12.8,41297
"3331",2004,5047,15.6,33400
"3356",2004,5049,17.6,27239
"3381",2004,5051,15.5,32687
"3406",2004,5053,11,40777
"3431",2004,5055,15.3,34011
"3456",2004,5057,18.8,28521
"3481",2004,5059,14.9,33710
"3506",2004,5061,15.1,29555
"3531",2004,5063,14.7,33823
"3556",2004,5065,17.5,27309
"3581",2004,5067,21,26579
"3606",2004,5069,20.4,32188
"3631",2004,5071,16.4,30192
"3656",2004,5073,22.1,25966
"3681",2004,5075,18.5,28902
"3706",2004,5077,30.3,21580
"3731",2004,5079,23.3,30087
"3756",2004,5081,15.2,31054
"3781",2004,5083,16.4,30878
"3806",2004,5085,10.6,44551
"3831",2004,5087,16,31215
"3856",2004,5089,16.6,28329
"3881",2004,5091,17.1,33112
"3906",2004,5093,22.1,28638
"3931",2004,5095,22.7,24684
"3956",2004,5097,16.3,28846
"3981",2004,5099,18.7,29333
"4006",2004,5101,19.4,26925
"4031",2004,5103,18.1,30731
"4056",2004,5105,14.4,33094
"4081",2004,5107,28.7,23132
"4106",2004,5109,14.8,30573
"4131",2004,5111,20.3,28618
"4156",2004,5113,18.4,27143
"4181",2004,5115,15.8,34109
"4206",2004,5117,15.1,31292
"4231",2004,5119,14.8,40499
"4256",2004,5121,16.7,29577
"4281",2004,5123,25.1,26428
"4306",2004,5125,9.1,46508
"4331",2004,5127,18.4,27384
"4356",2004,5129,20.6,22910
"4381",2004,5131,15.2,36863
"4406",2004,5133,17.2,29876
"4431",2004,5135,18.2,26618
"4456",2004,5137,17.8,24731
"4481",2004,5139,17.7,32721
"4506",2004,5141,17,28249
"4531",2004,5143,12.8,38385
"4556",2004,5145,15,35052
"4581",2004,5147,24,24352
"4606",2004,5149,15.1,30076
"4631",2004,6001,11.1,57659
"4656",2004,6003,13.2,42827
"4681",2004,6005,8.8,47459
"4706",2004,6007,15.2,34891
"4731",2004,6009,9.3,46052
"4756",2004,6011,11.7,38350
"4781",2004,6013,7.8,65459
"4806",2004,6015,19.2,31502
"4831",2004,6017,6.9,56629
"4856",2004,6019,19.8,36930
"4881",2004,6021,14.4,34883
"4906",2004,6023,15.4,33281
"4931",2004,6025,18.5,33674
"4956",2004,6027,10.5,38853
"4981",2004,6029,17.8,38689
"5006",2004,6031,17.6,38238
"5031",2004,6033,15.6,32757
"5056",2004,6035,15.7,39143
"5081",2004,6037,16.7,43518
"5106",2004,6039,17.9,37881
"5131",2004,6041,7,67731
"5156",2004,6043,11,37355
"5181",2004,6045,14.4,36624
"5206",2004,6047,17,38792
"5231",2004,6049,15.5,29526
"5256",2004,6051,8.2,48083
"5281",2004,6053,12.9,46971
"5306",2004,6055,7.8,53184
"5331",2004,6057,7.9,49811
"5356",2004,6059,10.2,58605
"5381",2004,6061,5.6,64642
"5406",2004,6063,9.8,41309
"5431",2004,6065,11.9,46885
"5456",2004,6067,13.6,47215
"5481",2004,6069,8.8,57595
"5506",2004,6071,15.4,43179
"5531",2004,6073,10.9,51939
"5556",2004,6075,11.6,51815
"5581",2004,6077,14,44814
"5606",2004,6079,10.4,46225
"5631",2004,6081,6.6,65425
"5656",2004,6083,12.5,46706
"5681",2004,6085,8.4,68842
"5706",2004,6087,10.8,52031
"5731",2004,6089,13.4,37696
"5756",2004,6091,9.1,37599
"5781",2004,6093,15.1,32531
"5806",2004,6095,8.7,57728
"5831",2004,6097,8.4,53645
"5856",2004,6099,13.6,43072
"5881",2004,6101,12.1,41289
"5906",2004,6103,14.5,34520
"5931",2004,6105,14.2,30307
"5956",2004,6107,20.9,34809
"5981",2004,6109,11.6,41067
"6006",2004,6111,9.3,59379
"6031",2004,6113,11.2,44810
"6056",2004,6115,15.6,34493
"6081",2004,8001,10.8,50229
"6106",2004,8003,19.2,31587
"6131",2004,8005,8.2,55615
"6156",2004,8007,10.6,40592
"6181",2004,8009,15.6,26580
"6206",2004,8011,20.4,27569
"6231",2004,8013,9.8,57908
"6256",2004,8014,5.2,65375
"6273",2004,8015,11.6,37226
"6298",2004,8017,11.6,36563
"6323",2004,8019,6.7,58677
"6348",2004,8021,19.1,27077
"6373",2004,8023,22.4,22165
"6398",2004,8025,27.8,24435
"6423",2004,8027,10.7,40332
"6448",2004,8029,12.5,35280
"6473",2004,8031,15.2,41767
"6498",2004,8033,11.4,32357
"6523",2004,8035,3.7,94658
"6548",2004,8037,6,59037
"6573",2004,8039,5.4,69631
"6598",2004,8041,10.3,50312
"6623",2004,8043,14.2,35129
"6648",2004,8045,8.2,50119
"6673",2004,8047,5.6,54194
"6698",2004,8049,7.2,49907
"6723",2004,8051,11.4,38979
"6748",2004,8053,7.8,38891
"6773",2004,8055,19.7,26649
"6798",2004,8057,12,33476
"6823",2004,8059,7.1,59060
"6848",2004,8061,11.1,28851
"6873",2004,8063,12.7,33610
"6898",2004,8065,11.5,36033
"6923",2004,8067,10.3,44078
"6948",2004,8069,9.8,50911
"6973",2004,8071,15.6,31798
"6998",2004,8073,15.7,31574
"7023",2004,8075,13,34691
"7048",2004,8077,10.8,40045
"7073",2004,8079,9,39725
"7098",2004,8081,9.5,46102
"7123",2004,8083,14.5,34416
"7148",2004,8085,11.8,40234
"7173",2004,8087,12.6,36507
"7198",2004,8089,17.8,30298
"7223",2004,8091,7.2,47424
"7248",2004,8093,7.5,52684
"7273",2004,8095,10.5,34316
"7298",2004,8097,4.6,60662
"7323",2004,8099,17.4,29647
"7348",2004,8101,16.3,35693
"7373",2004,8103,9.1,43501
"7398",2004,8105,16.3,34680
"7423",2004,8107,6,54539
"7448",2004,8109,22.7,23638
"7473",2004,8111,13.5,32057
"7498",2004,8113,7.9,46891
"7523",2004,8115,11.3,27824
"7548",2004,8117,5.9,52220
"7573",2004,8119,7.2,53787
"7598",2004,8121,10.3,32344
"7623",2004,8123,9.9,46241
"7648",2004,8125,12,35687
"7673",2004,9001,8.5,60790
"7698",2004,9003,10.7,54093
"7723",2004,9005,6.1,59546
"7748",2004,9007,5.6,63949
"7773",2004,9009,10.7,52591
"7798",2004,9011,7.5,54218
"7823",2004,9013,5.8,62711
"7848",2004,9015,9.4,47306
"7873",2004,10001,11.4,44889
"7898",2004,10003,8.9,54304
"7923",2004,10005,10.4,41661
"7948",2004,11001,18.3,46211
"7973",2004,12001,14.5,34696
"7998",2004,12003,12.7,41589
"8023",2004,12005,11.9,38972
"8048",2004,12007,14.8,34104
"8073",2004,12009,9.2,44248
"8098",2004,12011,11.6,43136
"8123",2004,12013,17.2,27521
"8148",2004,12015,8.1,37820
"8173",2004,12017,11.2,33576
"8198",2004,12019,7.1,53201
"8223",2004,12021,8.8,48812
"8248",2004,12023,14.1,32455
"8277",2004,12027,16.7,28638
"8302",2004,12029,18,26999
"8327",2004,12031,11.7,41736
"8352",2004,12033,14.2,36743
"8377",2004,12035,7.8,45374
"8402",2004,12037,13.5,30678
"8427",2004,12039,15.8,31070
"8452",2004,12041,13,32644
"8477",2004,12043,12.1,31973
"8502",2004,12045,14.5,32893
"8527",2004,12047,20.9,26411
"8552",2004,12049,19.5,28669
"8577",2004,12051,16.7,32197
"8602",2004,12053,10.6,35577
"8627",2004,12055,13.1,30343
"8652",2004,12057,11.8,44850
"8677",2004,12059,17.6,28694
"8702",2004,12061,9.2,41522
"8727",2004,12063,15.7,31022
"8752",2004,12065,14.5,33962
"8777",2004,12067,18.6,27896
"8802",2004,12069,9.5,40745
"8827",2004,12071,8.9,43476
"8852",2004,12073,12.7,39562
"8877",2004,12075,15,29314
"8902",2004,12077,16.9,30451
"8927",2004,12079,17.7,28230
"8952",2004,12081,9.7,41419
"8977",2004,12083,12.2,34948
"9002",2004,12085,8.1,45341
"9027",2004,12086,17.1,34682
"9048",2004,12087,9.2,42195
"9073",2004,12089,8.3,50301
"9098",2004,12091,9,45424
"9123",2004,12093,13.7,31332
"9148",2004,12095,12.6,41725
"9173",2004,12097,12.2,39770
"9198",2004,12099,10.1,44186
"9223",2004,12101,10.8,38065
"9248",2004,12103,11.1,38547
"9273",2004,12105,13.2,36339
"9298",2004,12107,17.3,30098
"9323",2004,12109,7.5,55712
"9348",2004,12111,11.3,39377
"9373",2004,12113,9.6,46298
"9398",2004,12115,7.6,44023
"9423",2004,12117,8.5,50842
"9448",2004,12119,12.5,37523
"9473",2004,12121,15.3,31744
"9498",2004,12123,15.9,31784
"9523",2004,12125,18.2,33821
"9548",2004,12127,11.2,37247
"9573",2004,12129,10.4,39849
"9598",2004,12131,11.5,37350
"9623",2004,12133,15.5,30138
"9648",2004,13001,17,31046
"9673",2004,13003,19.6,26720
"9698",2004,13005,18.2,28270
"9723",2004,13007,21.4,25951
"9748",2004,13009,18.8,33531
"9773",2004,13011,12.3,40754
"9798",2004,13013,10.1,46979
"9823",2004,13015,11.4,46219
"9848",2004,13017,20.2,28013
"9873",2004,13019,17.2,31559
"9898",2004,13021,20,35540
"9923",2004,13023,15.4,35869
"9948",2004,13025,16.3,33687
"9973",2004,13027,21.7,26064
"9998",2004,13029,9.9,54365
"10023",2004,13031,19.9,30045
"10048",2004,13033,21.7,29159
"10073",2004,13035,12.5,40547
"10098",2004,13037,26.3,24746
"10123",2004,13039,11.1,44648
"10148",2004,13043,21.6,27441
"10173",2004,13045,14.7,41470
"10198",2004,13047,11,42832
"10223",2004,13049,20.1,29107
"10248",2004,13051,16.9,38248
"10273",2004,13053,16.8,35472
"10298",2004,13055,15.6,31284
"10323",2004,13057,6.5,64064
"10348",2004,13059,19.7,29751
"10373",2004,13061,26.3,22627
"10398",2004,13063,14.8,39511
"10423",2004,13065,20.9,27005
"10448",2004,13067,9.6,52936
"10473",2004,13069,19.3,30710
"10498",2004,13071,20.1,27983
"10523",2004,13073,6.8,61466
"10548",2004,13075,18.3,28201
"10573",2004,13077,9.5,55859
"10598",2004,13079,14.9,38735
"10623",2004,13081,24.1,26873
"10648",2004,13083,12.3,36388
"10673",2004,13085,9.5,50686
"10698",2004,13087,21.5,28148
"10723",2004,13089,14.7,44965
"10748",2004,13091,19.5,28310
"10773",2004,13093,21.6,28054
"10798",2004,13095,22.3,30526
"10823",2004,13097,10.6,49964
"10848",2004,13099,23.9,26358
"10873",2004,13101,19.9,26739
"10898",2004,13103,10.1,51185
"10923",2004,13105,16.5,30322
"10948",2004,13107,22.3,26040
"10973",2004,13109,21.2,27437
"10998",2004,13111,13.2,32290
"11023",2004,13113,5.3,75679
"11048",2004,13115,15,37778
"11073",2004,13117,5.5,74379
"11098",2004,13119,15,33595
"11123",2004,13121,15.6,45819
"11148",2004,13123,12.7,36570
"11173",2004,13125,14,33009
"11198",2004,13127,15.1,40233
"11223",2004,13129,12.1,40344
"11248",2004,13131,18.8,29698
"11273",2004,13133,18.2,33959
"11298",2004,13135,8.9,56395
"11323",2004,13137,11.7,38407
"11348",2004,13139,12,45949
"11373",2004,13141,24.6,24297
"11398",2004,13143,15.1,34608
"11423",2004,13145,8.5,52175
"11448",2004,13147,14.3,33801
"11473",2004,13149,15.3,34124
"11498",2004,13151,7,62437
"11523",2004,13153,11.8,47134
"11548",2004,13155,17.9,29954
"11573",2004,13157,11.8,43896
"11598",2004,13159,14,40290
"11623",2004,13161,17.5,29599
"11648",2004,13163,20.4,28173
"11673",2004,13165,22.8,24603
"11698",2004,13167,22.9,25286
"11723",2004,13169,10.7,45130
"11748",2004,13171,13.7,37201
"11773",2004,13173,18.8,29876
"11798",2004,13175,18.2,33188
"11823",2004,13177,9.5,50477
"11848",2004,13179,15.6,37048
"11873",2004,13181,15.6,31880
"11898",2004,13183,18.3,31905
"11923",2004,13185,18,33286
"11948",2004,13187,13,40923
"11973",2004,13189,17.8,33185
"11998",2004,13191,17.5,31055
"12023",2004,13193,22.5,23644
"12048",2004,13195,13.4,37677
"12073",2004,13197,21.6,30059
"12098",2004,13199,18,30994
"12123",2004,13201,19,27574
"12148",2004,13205,23.2,25812
"12173",2004,13207,11.6,44507
"12198",2004,13209,19.1,30531
"12223",2004,13211,12.3,41872
"12248",2004,13213,13,38175
"12273",2004,13215,17.1,35130
"12298",2004,13217,11.7,47083
"12323",2004,13219,7,61966
"12348",2004,13221,12.8,37523
"12373",2004,13223,6.9,58801
"12398",2004,13225,20,34029
"12423",2004,13227,10.4,46504
"12448",2004,13229,16.8,32533
"12473",2004,13231,10.5,47415
"12498",2004,13233,15,34514
"12523",2004,13235,17.5,31813
"12548",2004,13237,14.1,37224
"12573",2004,13239,21.2,26419
"12598",2004,13241,12.1,35441
"12623",2004,13243,24.1,23503
"12648",2004,13245,20,32775
"12673",2004,13247,11.8,50818
"12698",2004,13249,15.6,33051
"12723",2004,13251,19.5,29029
"12748",2004,13253,20.8,27504
"12773",2004,13255,17,36072
"12798",2004,13257,15.9,31638
"12823",2004,13259,23.9,23588
"12848",2004,13261,22.3,29613
"12873",2004,13263,18.9,28830
"12898",2004,13265,22.8,23772
"12923",2004,13267,22,28105
"12948",2004,13269,20.8,26824
"12973",2004,13271,24.8,25409
"12998",2004,13273,23.5,27175
"13023",2004,13275,17.4,31702
"13048",2004,13277,18.5,32134
"13073",2004,13279,21.2,27725
"13098",2004,13281,11.9,34767
"13123",2004,13283,22.7,25503
"13148",2004,13285,15.8,36438
"13173",2004,13287,23.1,26081
"13198",2004,13289,17.7,31782
"13223",2004,13291,12.7,34903
"13248",2004,13293,17.1,30946
"13273",2004,13295,14,34234
"13298",2004,13297,11.2,49756
"13323",2004,13299,19.5,29413
"13348",2004,13301,20.7,28536
"13373",2004,13303,19.6,31083
"13398",2004,13305,17.7,33566
"13423",2004,13307,18.1,29131
"13448",2004,13309,25.6,24491
"13473",2004,13311,12,38380
"13498",2004,13313,11.9,41520
"13523",2004,13315,23.7,27193
"13548",2004,13317,17.2,28386
"13573",2004,13319,16.3,32561
"13598",2004,13321,17.7,32414
"13623",2004,15001,10.8,42043
"13648",2004,15003,8.8,54714
"13673",2004,15005,NA,NA
"13698",2004,15007,8.6,45146
"13723",2004,15009,8.3,49065
"13748",2004,16001,9.1,50754
"13773",2004,16003,11.9,32187
"13798",2004,16005,13,38943
"13823",2004,16007,10.7,36292
"13848",2004,16009,12.7,34724
"13873",2004,16011,13.2,38966
"13898",2004,16013,5.9,54131
"13923",2004,16015,9.9,41566
"13948",2004,16017,12.9,35852
"13973",2004,16019,11.4,46709
"13998",2004,16021,12.7,34019
"14023",2004,16023,13.4,34066
"14048",2004,16025,7.3,37654
"14073",2004,16027,13.2,39433
"14098",2004,16029,10.1,42210
"14123",2004,16031,14.7,35023
"14148",2004,16033,15.1,30973
"14173",2004,16035,12.4,34789
"14198",2004,16037,10.8,34899
"14223",2004,16039,11.8,37148
"14248",2004,16041,9.1,40910
"14273",2004,16043,12.6,36101
"14298",2004,16045,11.9,36992
"14323",2004,16047,12.4,34819
"14348",2004,16049,14.6,31511
"14373",2004,16051,10.5,42895
"14398",2004,16053,13.2,36165
"14423",2004,16055,9.7,41639
"14448",2004,16057,13.5,36346
"14473",2004,16059,12.6,31153
"14498",2004,16061,11.9,35987
"14523",2004,16063,10.4,36658
"14548",2004,16065,15.6,32569
"14573",2004,16067,13.1,33739
"14598",2004,16069,11.9,38526
"14623",2004,16071,10.4,36834
"14648",2004,16073,15.4,31315
"14673",2004,16075,13.2,36622
"14698",2004,16077,14.4,34248
"14723",2004,16079,16.3,30280
"14748",2004,16081,9,45993
"14773",2004,16083,12.5,36891
"14798",2004,16085,9.1,42852
"14823",2004,16087,14,32195
"14848",2004,17001,11.3,39304
"14873",2004,17003,23.8,25874
"14898",2004,17005,11.2,39804
"14923",2004,17007,7.9,54926
"14948",2004,17009,12.3,37744
"14973",2004,17011,8.8,43539
"14998",2004,17013,8.9,40032
"15023",2004,17015,10.1,39086
"15048",2004,17017,10.7,37819
"15073",2004,17019,13.4,39914
"15098",2004,17021,11.1,39839
"15123",2004,17023,10.6,39057
"15148",2004,17025,12.1,34353
"15173",2004,17027,7.6,48926
"15198",2004,17029,14.4,34374
"15223",2004,17031,15.2,43584
"15248",2004,17033,11.9,37602
"15273",2004,17035,10.3,39509
"15298",2004,17037,9.6,48148
"15323",2004,17039,10.3,43663
"15348",2004,17041,8.2,44206
"15373",2004,17043,6,66697
"15398",2004,17045,12.2,37134
"15423",2004,17047,9.4,37731
"15448",2004,17049,9.2,43199
"15473",2004,17051,13.6,34420
"15498",2004,17053,8.1,42629
"15523",2004,17055,15.4,32398
"15548",2004,17057,12.1,36924
"15573",2004,17059,16.1,29997
"15598",2004,17061,12.5,35422
"15623",2004,17063,6,59216
"15648",2004,17065,12.6,34561
"15673",2004,17067,9.8,40030
"15698",2004,17069,15.3,30428
"15723",2004,17071,10.4,38403
"15748",2004,17073,8.2,44284
"15773",2004,17075,10.2,40971
"15798",2004,17077,20.2,27705
"15823",2004,17079,10,40270
"15848",2004,17081,13.9,35818
"15873",2004,17083,8.5,45455
"15898",2004,17085,7.8,43465
"15923",2004,17087,13.5,36157
"15948",2004,17089,7.9,61246
"15973",2004,17091,11.9,43651
"15998",2004,17093,4.1,76568
"16023",2004,17095,13.4,36358
"16048",2004,17097,7.1,67039
"16073",2004,17099,9.8,43848
"16098",2004,17101,13.1,33809
"16123",2004,17103,9.3,44205
"16148",2004,17105,10.1,45591
"16173",2004,17107,10.7,40475
"16198",2004,17109,16.4,32832
"16223",2004,17111,4.5,70438
"16248",2004,17113,10.1,51176
"16273",2004,17115,14.3,39047
"16298",2004,17117,10.6,40195
"16323",2004,17119,11.2,45326
"16348",2004,17121,13.6,36144
"16373",2004,17123,8.1,44655
"16398",2004,17125,11.3,38260
"16423",2004,17127,13.8,35362
"16448",2004,17129,8.8,51512
"16473",2004,17131,8.6,46383
"16498",2004,17133,4,63697
"16523",2004,17135,12.9,35938
"16548",2004,17137,12.4,39335
"16573",2004,17139,8.3,43571
"16598",2004,17141,8.7,48508
"16623",2004,17143,13.2,42705
"16648",2004,17145,13.8,35243
"16673",2004,17147,6.4,49792
"16698",2004,17149,12.6,35201
"16723",2004,17151,15.4,32625
"16748",2004,17153,20.7,27813
"16773",2004,17155,6.4,49827
"16798",2004,17157,12,38944
"16823",2004,17159,12.3,34738
"16848",2004,17161,12,40154
"16873",2004,17163,15,42190
"16898",2004,17165,16.1,31438
"16923",2004,17167,10.3,46022
"16948",2004,17169,10.1,39415
"16973",2004,17171,9.8,40509
"16998",2004,17173,9.5,40251
"17023",2004,17175,9.3,40496
"17048",2004,17177,10.8,41846
"17073",2004,17179,8.6,49054
"17098",2004,17181,14.1,34584
"17123",2004,17183,14.9,36233
"17148",2004,17185,11.8,38937
"17173",2004,17187,11.3,38642
"17198",2004,17189,7.2,45124
"17223",2004,17191,12.1,35168
"17248",2004,17193,12.7,33708
"17273",2004,17195,9.7,41318
"17298",2004,17197,6.6,66417
"17323",2004,17199,13.7,36261
"17348",2004,17201,12.7,43942
"17373",2004,17203,6,57561
"17398",2004,18001,10.1,43781
"17423",2004,18003,11.3,42867
"17448",2004,18005,9.2,47091
"17473",2004,18007,8.5,41414
"17498",2004,18009,11,36551
"17523",2004,18011,6,59206
"17548",2004,18013,9.3,46143
"17573",2004,18015,8,45231
"17598",2004,18017,11,39593
"17623",2004,18019,10.2,42904
"17648",2004,18021,10.7,40120
"17673",2004,18023,10.3,42951
"17698",2004,18025,14.3,35581
"17723",2004,18027,13.1,37456
"17748",2004,18029,7.4,54101
"17773",2004,18031,10,44130
"17798",2004,18033,8.3,46930
"17823",2004,18035,15.3,35843
"17848",2004,18037,6.2,50215
"17873",2004,18039,10.1,46897
"17898",2004,18041,11.6,39393
"17923",2004,18043,10.2,47243
"17948",2004,18045,10.1,40879
"17973",2004,18047,8.8,47515
"17998",2004,18049,10.2,40815
"18023",2004,18051,8.9,44752
"18048",2004,18053,13.7,37195
"18073",2004,18055,11.6,37849
"18098",2004,18057,3.9,82196
"18123",2004,18059,5.4,62657
"18148",2004,18061,8.8,46893
"18173",2004,18063,5.2,63058
"18198",2004,18065,10.5,41157
"18223",2004,18067,11.9,45588
"18248",2004,18069,8.4,43165
"18273",2004,18071,9.4,43134
"18298",2004,18073,8.1,47557
"18323",2004,18075,11.4,38167
"18348",2004,18077,11.4,40906
"18373",2004,18079,10.4,41330
"18398",2004,18081,7.7,55594
"18423",2004,18083,15.2,34668
"18448",2004,18085,7.9,48998
"18473",2004,18087,7.6,46841
"18498",2004,18089,14.8,40894
"18523",2004,18091,11.2,41906
"18548",2004,18093,10.9,39297
"18573",2004,18095,12.1,40480
"18598",2004,18097,14.1,42702
"18623",2004,18099,8.1,45040
"18648",2004,18101,11.1,39421
"18673",2004,18103,11.1,41280
"18698",2004,18105,14,36224
"18723",2004,18107,10.3,43486
"18748",2004,18109,8.9,51378
"18773",2004,18111,9,43726
"18798",2004,18113,8.7,44255
"18823",2004,18115,7.6,43448
"18848",2004,18117,13.3,33684
"18873",2004,18119,11.3,38589
"18898",2004,18121,12.4,37467
"18923",2004,18123,10.5,39472
"18948",2004,18125,9.5,39972
"18973",2004,18127,7.8,56935
"18998",2004,18129,8.6,50765
"19023",2004,18131,10.2,39066
"19048",2004,18133,9.9,42273
"19073",2004,18135,12.2,37877
"19098",2004,18137,8.8,45555
"19123",2004,18139,9.3,42623
"19148",2004,18141,13.5,41365
"19173",2004,18143,13.4,37193
"19198",2004,18145,9.7,45910
"19223",2004,18147,8.1,46831
"19248",2004,18149,12.7,38913
"19273",2004,18151,9,43032
"19298",2004,18153,13,35882
"19323",2004,18155,12,38502
"19348",2004,18157,13.4,40036
"19373",2004,18159,7.3,51512
"19398",2004,18161,9.7,41569
"19423",2004,18163,12.9,39117
"19448",2004,18165,10.3,39545
"19473",2004,18167,15.4,35736
"19498",2004,18169,9.4,42009
"19523",2004,18171,7.8,46477
"19548",2004,18173,6.3,55677
"19573",2004,18175,11.4,38787
"19598",2004,18177,13.2,36145
"19623",2004,18179,7.6,45645
"19648",2004,18181,9.3,41890
"19673",2004,18183,6.8,47981
"19698",2004,19001,9.7,41406
"19723",2004,19003,10.6,35149
"19748",2004,19005,10.8,37215
"19773",2004,19007,14.9,32164
"19798",2004,19009,9.2,38935
"19823",2004,19011,7.6,48531
"19848",2004,19013,13.7,41125
"19873",2004,19015,8.8,46134
"19898",2004,19017,7,47568
"19923",2004,19019,9.9,42481
"19948",2004,19021,10.7,38668
"19973",2004,19023,8.9,42096
"19998",2004,19025,10.5,38305
"20023",2004,19027,8.5,43253
"20048",2004,19029,11.6,37276
"20073",2004,19031,6.8,47767
"20098",2004,19033,10.4,40045
"20123",2004,19035,8.9,40501
"20148",2004,19037,8.5,40374
"20173",2004,19039,10.7,38793
"20198",2004,19041,9.4,41339
"20223",2004,19043,9.7,38549
"20248",2004,19045,12.1,40501
"20273",2004,19047,11.2,39478
"20298",2004,19049,6.3,59563
"20323",2004,19051,11.9,36262
"20348",2004,19053,16.8,29213
"20373",2004,19055,9.1,43276
"20398",2004,19057,13.1,38825
"20423",2004,19059,7.5,43949
"20448",2004,19061,9.7,43483
"20473",2004,19063,9.8,37525
"20498",2004,19065,12.3,35662
"20523",2004,19067,10.5,40050
"20548",2004,19069,9.1,41044
"20573",2004,19071,10.8,42037
"20598",2004,19073,10.1,39386
"20623",2004,19075,6.1,47738
"20648",2004,19077,9.2,42477
"20673",2004,19079,8.2,43587
"20698",2004,19081,7.4,43800
"20723",2004,19083,10,39445
"20748",2004,19085,9.9,42627
"20773",2004,19087,10.5,41831
"20798",2004,19089,10.3,39141
"20823",2004,19091,9.2,42717
"20848",2004,19093,9.4,40421
"20873",2004,19095,6.8,46995
"20898",2004,19097,11.1,38603
"20923",2004,19099,8.4,46277
"20948",2004,19101,13.1,35315
"20973",2004,19103,12.3,44426
"20998",2004,19105,9.7,40467
"21023",2004,19107,11.5,38567
"21048",2004,19109,10,40394
"21073",2004,19111,12.8,38160
"21098",2004,19113,9.2,48887
"21123",2004,19115,10.5,43107
"21148",2004,19117,13.5,34282
"21173",2004,19119,8.1,44195
"21198",2004,19121,7.8,48952
"21223",2004,19123,12,41807
"21248",2004,19125,8.8,47063
"21273",2004,19127,12,41344
"21298",2004,19129,9.4,48283
"21323",2004,19131,9,41049
"21348",2004,19133,11.7,36161
"21373",2004,19135,11.8,37153
"21398",2004,19137,11.6,37074
"21423",2004,19139,11.2,45557
"21448",2004,19141,8.7,41389
"21473",2004,19143,7.4,39739
"21498",2004,19145,12.8,38062
"21523",2004,19147,9.8,37163
"21548",2004,19149,7.1,48566
"21573",2004,19151,10.5,37670
"21598",2004,19153,9.8,51304
"21623",2004,19155,11.4,42636
"21648",2004,19157,10.5,42103
"21673",2004,19159,13.7,32762
"21698",2004,19161,10,38972
"21723",2004,19163,12.3,46947
"21748",2004,19165,8.8,42636
"21773",2004,19167,7.1,47564
"21798",2004,19169,11.7,43328
"21823",2004,19171,9.7,42580
"21848",2004,19173,11.6,35468
"21873",2004,19175,12.3,35436
"21898",2004,19177,12.6,34361
"21923",2004,19179,14.3,36073
"21948",2004,19181,6.8,56594
"21973",2004,19183,8.5,44005
"21998",2004,19185,13.6,32637
"22023",2004,19187,12.4,38524
"22048",2004,19189,9.2,42772
"22073",2004,19191,8.7,42218
"22098",2004,19193,13.4,38790
"22123",2004,19195,8,40251
"22148",2004,19197,9.5,41773
"22173",2004,20001,14.6,33459
"22198",2004,20003,12.4,36715
"22223",2004,20005,12.8,37061
"22248",2004,20007,10.9,36075
"22273",2004,20009,12.9,35431
"22298",2004,20011,15.2,32584
"22323",2004,20013,13.4,35066
"22348",2004,20015,9.4,49599
"22373",2004,20017,10.6,34432
"22398",2004,20019,14.4,30674
"22423",2004,20021,15.6,33151
"22448",2004,20023,10,25797
"22473",2004,20025,11.1,33930
"22498",2004,20027,10.5,37306
"22523",2004,20029,12,32706
"22548",2004,20031,9.2,43055
"22573",2004,20033,9.8,31775
"22598",2004,20035,14.4,36990
"22623",2004,20037,16.4,31661
"22648",2004,20039,10.4,28977
"22673",2004,20041,9.3,38311
"22698",2004,20043,12.3,35473
"22723",2004,20045,13.3,39796
"22748",2004,20047,10.7,32024
"22773",2004,20049,15.6,28338
"22798",2004,20051,10.3,36280
"22823",2004,20053,9.5,37617
"22848",2004,20055,13.9,37390
"22873",2004,20057,12.3,36602
"22898",2004,20059,10.4,42236
"22923",2004,20061,13,31614
"22948",2004,20063,9.9,31666
"22973",2004,20065,10.6,31548
"22998",2004,20067,10.4,44083
"23023",2004,20069,8.6,41404
"23048",2004,20071,8.8,33764
"23073",2004,20073,13.2,31245
"23098",2004,20075,10.1,34042
"23123",2004,20077,11.9,32411
"23148",2004,20079,9.3,44144
"23173",2004,20081,10.7,40413
"23198",2004,20083,9.1,34931
"23223",2004,20085,9.9,43375
"23248",2004,20087,7.9,48712
"23273",2004,20089,12.2,31390
"23298",2004,20091,5.4,68013
"23323",2004,20093,10.3,38380
"23348",2004,20095,10.5,40174
"23373",2004,20097,11.6,35829
"23398",2004,20099,14.6,32582
"23423",2004,20101,8.2,33909
"23448",2004,20103,8.7,51459
"23473",2004,20105,10.4,31110
"23498",2004,20107,12,37689
"23523",2004,20109,9.4,33007
"23548",2004,20111,14.1,34377
"23573",2004,20113,8.1,45392
"23598",2004,20115,9.6,37263
"23623",2004,20117,9.9,36899
"23648",2004,20119,9.5,37903
"23673",2004,20121,8,51673
"23698",2004,20123,10.1,36587
"23723",2004,20125,14.5,33688
"23748",2004,20127,10,36171
"23773",2004,20129,10.5,38969
"23798",2004,20131,8.6,38891
"23823",2004,20133,14,34411
"23848",2004,20135,8.9,35693
"23873",2004,20137,11.8,32122
"23898",2004,20139,9.4,41196
"23923",2004,20141,11.4,30026
"23948",2004,20143,8.2,41093
"23973",2004,20145,11.5,35385
"23998",2004,20147,11,36251
"24023",2004,20149,9.3,46616
"24048",2004,20151,10.8,37882
"24073",2004,20153,10.9,29853
"24098",2004,20155,13.4,37072
"24123",2004,20157,10.9,31536
"24148",2004,20159,12.2,36158
"24173",2004,20161,15.6,34177
"24198",2004,20163,11.5,32292
"24223",2004,20165,11.1,31976
"24248",2004,20167,12.7,30588
"24273",2004,20169,11,39216
"24298",2004,20171,7.3,40751
"24323",2004,20173,12.7,44800
"24348",2004,20175,13.9,37581
"24373",2004,20177,11.7,43705
"24398",2004,20179,10.4,35364
"24423",2004,20181,13.8,30402
"24448",2004,20183,10.5,30085
"24473",2004,20185,12.5,33179
"24498",2004,20187,9.9,39609
"24523",2004,20189,10.5,43806
"24548",2004,20191,11.2,40877
"24573",2004,20193,10.7,36673
"24598",2004,20195,11.1,30983
"24623",2004,20197,7.6,44997
"24648",2004,20199,11.9,32985
"24673",2004,20201,10,33489
"24698",2004,20203,10.6,34352
"24723",2004,20205,13.7,32843
"24748",2004,20207,13.8,28045
"24773",2004,20209,17.6,33266
"24798",2004,21001,21.5,25696
"24823",2004,21003,17.2,33541
"24848",2004,21005,9.6,48280
"24873",2004,21007,14.5,35735
"24898",2004,21009,16.6,33531
"24923",2004,21011,20.1,28894
"24948",2004,21013,28.8,22030
"24973",2004,21015,7.7,58749
"24998",2004,21017,14.3,36710
"25023",2004,21019,17.2,35041
"25048",2004,21021,14.8,36478
"25073",2004,21023,12.8,38296
"25098",2004,21025,29.5,22571
"25123",2004,21027,16.3,33586
"25148",2004,21029,10.4,49055
"25173",2004,21031,17.5,31393
"25198",2004,21033,15.6,32147
"25223",2004,21035,16,31559
"25248",2004,21037,10.9,44639
"25273",2004,21039,13.4,32579
"25298",2004,21041,14.3,40525
"25323",2004,21043,22.7,29428
"25348",2004,21045,22.9,24244
"25373",2004,21047,17.5,33435
"25398",2004,21049,13.5,42173
"25423",2004,21051,34.3,19491
"25448",2004,21053,23.5,23853
"25473",2004,21055,17.1,30775
"25498",2004,21057,22.1,23721
"25523",2004,21059,14.1,40020
"25548",2004,21061,17.5,30057
"25573",2004,21063,25.3,24441
"25598",2004,21065,23.6,26183
"25623",2004,21067,14.2,41602
"25648",2004,21069,17.8,30323
"25673",2004,21071,26.8,25340
"25698",2004,21073,12.3,42306
"25723",2004,21075,23.1,26659
"25748",2004,21077,17.2,35105
"25773",2004,21079,14.6,36816
"25798",2004,21081,13.3,41885
"25823",2004,21083,16.5,32969
"25848",2004,21085,17.9,30323
"25873",2004,21087,18.3,27825
"25898",2004,21089,16,35414
"25923",2004,21091,12.1,43120
"25948",2004,21093,13,43082
"25973",2004,21095,29.3,22891
"25998",2004,21097,13.6,38140
"26023",2004,21099,20.5,27463
"26048",2004,21101,14.3,39222
"26073",2004,21103,13.7,39759
"26098",2004,21105,16.2,35250
"26123",2004,21107,16.8,34295
"26148",2004,21109,25.2,23140
"26173",2004,21111,14.8,42239
"26198",2004,21113,13.2,41200
"26223",2004,21115,23.3,28391
"26248",2004,21117,11.3,47729
"26273",2004,21119,27,24531
"26298",2004,21121,29.1,22503
"26323",2004,21123,15.4,35110
"26348",2004,21125,20.4,30255
"26373",2004,21127,24.8,26336
"26398",2004,21129,29.8,21578
"26423",2004,21131,28.6,22161
"26448",2004,21133,24,26422
"26473",2004,21135,26.9,24928
"26498",2004,21137,18.8,29340
"26523",2004,21139,12.8,34487
"26548",2004,21141,15.9,34963
"26573",2004,21143,14.3,35203
"26598",2004,21145,16.7,36519
"26623",2004,21147,30.1,21822
"26648",2004,21149,14.9,31881
"26673",2004,21151,16.3,36710
"26698",2004,21153,29.9,23518
"26723",2004,21155,16.4,33886
"26748",2004,21157,11.4,38348
"26773",2004,21159,30.5,22768
"26798",2004,21161,16.7,34038
"26823",2004,21163,11.9,41675
"26848",2004,21165,24.2,25472
"26873",2004,21167,13.6,38251
"26898",2004,21169,20.6,26541
"26923",2004,21171,21.3,25401
"26948",2004,21173,15.4,35346
"26973",2004,21175,27,25191
"26998",2004,21177,19,31141
"27023",2004,21179,12.9,43043
"27048",2004,21181,15.3,33142
"27073",2004,21183,17.7,32943
"27098",2004,21185,6.3,68130
"27123",2004,21187,16,35191
"27148",2004,21189,35.5,18377
"27173",2004,21191,13.6,39295
"27198",2004,21193,26,26891
"27223",2004,21195,22.9,27625
"27248",2004,21197,23.3,27949
"27273",2004,21199,18.7,31124
"27298",2004,21201,19,31133
"27323",2004,21203,21.4,27500
"27348",2004,21205,20.7,30947
"27373",2004,21207,21.5,25510
"27398",2004,21209,10.5,50774
"27423",2004,21211,11,47688
"27448",2004,21213,13.9,39738
"27473",2004,21215,9.3,53806
"27498",2004,21217,17.8,31599
"27523",2004,21219,16.9,32173
"27548",2004,21221,13,39400
"27573",2004,21223,14.1,40179
"27598",2004,21225,15.5,36892
"27623",2004,21227,16.5,38631
"27648",2004,21229,15.1,35321
"27673",2004,21231,24.3,25083
"27698",2004,21233,14.9,36213
"27723",2004,21235,25.3,25023
"27748",2004,21237,29.4,22350
"27773",2004,21239,9.6,50818
"27798",2004,22001,21,30040
"27823",2004,22003,22,29067
"27848",2004,22005,12,48789
"27873",2004,22007,19.3,34781
"27898",2004,22009,24.8,25915
"27923",2004,22011,16.3,35372
"27948",2004,22013,22.5,26320
"27973",2004,22015,14.4,42141
"27998",2004,22017,20.5,33190
"28023",2004,22019,17.4,36772
"28048",2004,22021,20.6,29227
"28073",2004,22023,12.9,36126
"28098",2004,22025,24.5,24201
"28123",2004,22027,23.9,27859
"28148",2004,22029,25.6,25033
"28173",2004,22031,19.5,30883
"28198",2004,22033,18,37262
"28223",2004,22035,36,20622
"28248",2004,22037,19.3,31995
"28273",2004,22039,26,24220
"28298",2004,22041,24.8,25046
"28323",2004,22043,19.6,32081
"28348",2004,22045,21.1,33358
"28373",2004,22047,22.5,30738
"28398",2004,22049,17.8,31714
"28423",2004,22051,16.5,38234
"28448",2004,22053,18.6,31454
"28473",2004,22055,16.5,39367
"28498",2004,22057,16.5,38437
"28523",2004,22059,18.1,32322
"28548",2004,22061,22.6,29007
"28573",2004,22063,13.2,42474
"28598",2004,22065,30.6,22548
"28623",2004,22067,25,26354
"28648",2004,22069,23.6,28309
"28673",2004,22071,27,27355
"28698",2004,22073,21.2,32969
"28723",2004,22075,16.2,39603
"28748",2004,22077,19.9,32256
"28773",2004,22079,20.2,32569
"28798",2004,22081,23.7,25366
"28823",2004,22083,24.7,25648
"28848",2004,22085,18.8,30581
"28873",2004,22087,15.1,36566
"28898",2004,22089,13.3,46009
"28923",2004,22091,22,29545
"28948",2004,22093,17.7,36945
"28973",2004,22095,16.4,39436
"28998",2004,22097,23.9,26290
"29023",2004,22099,20.4,31977
"29048",2004,22101,21.8,31628
"29073",2004,22103,11.2,51087
"29098",2004,22105,22.2,30785
"29123",2004,22107,31.3,21040
"29148",2004,22109,18.4,37726
"29173",2004,22111,18.7,30697
"29198",2004,22113,19,32564
"29223",2004,22115,16.4,35486
"29248",2004,22117,25.5,25663
"29273",2004,22119,19,30326
"29298",2004,22121,16.8,37120
"29323",2004,22123,22.7,26661
"29348",2004,22125,20.4,37271
"29373",2004,22127,22.8,27738
"29398",2004,23001,12.3,39184
"29423",2004,23003,15.1,32629
"29448",2004,23005,9.2,49870
"29473",2004,23007,13.6,34846
"29498",2004,23009,9.9,38580
"29523",2004,23011,12.2,39199
"29548",2004,23013,11,40900
"29573",2004,23015,10.2,41647
"29598",2004,23017,12.6,35979
"29623",2004,23019,13.6,37650
"29648",2004,23021,13.5,31784
"29673",2004,23023,8.8,46197
"29698",2004,23025,15.6,33094
"29723",2004,23027,12.7,38016
"29748",2004,23029,17.4,29087
"29773",2004,23031,8.9,48363
"29798",2004,24001,14.2,33554
"29823",2004,24003,6.5,66087
"29848",2004,24005,8.2,52308
"29873",2004,24009,5.4,74599
"29898",2004,24011,10.5,41432
"29923",2004,24013,5.1,68815
"29948",2004,24015,8.1,55088
"29973",2004,24017,7.2,68938
"29998",2004,24019,13.9,36358
"30023",2004,24021,5.9,69005
"30048",2004,24023,12.7,36100
"30073",2004,24025,6.6,64025
"30098",2004,24027,4.8,80904
"30123",2004,24029,11.3,42883
"30148",2004,24031,6.5,76957
"30173",2004,24033,9.3,55129
"30198",2004,24035,6.6,63938
"30223",2004,24037,7.7,61269
"30248",2004,24039,19.7,30301
"30273",2004,24041,8.3,49603
"30298",2004,24043,10.1,45344
"30323",2004,24045,12.3,41185
"30348",2004,24047,9.9,43600
"30373",2004,24510,21.5,29792
"30398",2004,25001,7.3,50334
"30423",2004,25003,10.5,41589
"30448",2004,25005,10.6,46986
"30473",2004,25007,6.2,51490
"30498",2004,25009,10.3,52050
"30523",2004,25011,9.2,44393
"30548",2004,25013,15.1,40595
"30573",2004,25015,9.7,48359
"30598",2004,25017,8.1,62854
"30623",2004,25019,4.5,58525
"30648",2004,25021,5.4,67066
"30673",2004,25023,7.8,60359
"30698",2004,25025,16.7,41517
"30723",2004,25027,9.8,51354
"30748",2004,26001,12.9,32355
"30773",2004,26003,11.3,36959
"30798",2004,26005,9.4,48045
"30823",2004,26007,13.2,35946
"30848",2004,26009,10,40999
"30873",2004,26011,15,33930
"30898",2004,26013,13.1,33827
"30923",2004,26015,8.7,49450
"30948",2004,26017,12.2,39954
"30973",2004,26019,9,41037
"30998",2004,26021,13.8,39358
"31023",2004,26023,12.4,39198
"31048",2004,26025,13.4,40176
"31073",2004,26027,12,42941
"31098",2004,26029,10.2,43151
"31123",2004,26031,13.1,35659
"31148",2004,26033,14.8,34378
"31173",2004,26035,16.7,31277
"31198",2004,26037,6.7,56713
"31223",2004,26039,14.1,34150
"31248",2004,26041,11.7,38737
"31273",2004,26043,10.3,39032
"31298",2004,26045,8.7,51494
"31323",2004,26047,9.6,44555
"31348",2004,26049,15.4,40775
"31373",2004,26051,14,34268
"31398",2004,26053,15.3,29608
"31423",2004,26055,9,45542
"31448",2004,26057,13.1,37910
"31473",2004,26059,11.4,40660
"31498",2004,26061,14.8,31467
"31523",2004,26063,11.7,37384
"31548",2004,26065,14.6,41540
"31573",2004,26067,10.7,44767
"31598",2004,26069,14.5,32238
"31623",2004,26071,12.9,31507
"31648",2004,26073,15.2,36093
"31673",2004,26075,12.7,43559
"31698",2004,26077,13.8,43450
"31723",2004,26079,12.6,36883
"31748",2004,26081,11.5,47821
"31773",2004,26083,12.8,31391
"31798",2004,26085,19.7,27868
"31823",2004,26087,8.5,52360
"31848",2004,26089,7.2,52141
"31873",2004,26091,9.2,47944
"31898",2004,26093,5.1,71683
"31923",2004,26095,16.2,32879
"31948",2004,26097,10.5,34520
"31973",2004,26099,8.2,52784
"31998",2004,26101,12.5,36204
"32023",2004,26103,12.1,38419
"32048",2004,26105,12.6,36736
"32073",2004,26107,15.3,35807
"32098",2004,26109,11.8,35858
"32123",2004,26111,10.2,49050
"32148",2004,26113,13.2,36201
"32173",2004,26115,8.7,53838
"32198",2004,26117,11.3,39989
"32223",2004,26119,13.7,32055
"32248",2004,26121,15.5,38626
"32273",2004,26123,13.1,39325
"32298",2004,26125,7.8,64293
"32323",2004,26127,15.4,37811
"32348",2004,26129,15.5,32194
"32373",2004,26131,11.8,32463
"32398",2004,26133,14.1,36099
"32423",2004,26135,15.1,30184
"32448",2004,26137,9.8,43399
"32473",2004,26139,7.5,55011
"32498",2004,26141,11.1,34119
"32523",2004,26143,14.7,31473
"32548",2004,26145,15.7,38209
"32573",2004,26147,10.2,48095
"32598",2004,26149,12.5,40959
"32623",2004,26151,13,38371
"32648",2004,26153,13.4,33573
"32673",2004,26155,10.4,44139
"32698",2004,26157,10.9,40928
"32723",2004,26159,14.1,41360
"32748",2004,26161,11.1,55431
"32773",2004,26163,18.8,38743
"32798",2004,26165,13,37594
"32823",2004,27001,11.3,33632
"32848",2004,27003,5.5,62106
"32873",2004,27005,10.9,40182
"32898",2004,27007,15.8,35547
"32923",2004,27009,7.3,46035
"32948",2004,27011,9.7,34369
"32973",2004,27013,10.7,40891
"32998",2004,27015,7.3,44423
"33023",2004,27017,8.2,43837
"33048",2004,27019,3.9,75716
"33073",2004,27021,11.6,38906
"33098",2004,27023,8.2,39298
"33123",2004,27025,5.5,61376
"33148",2004,27027,9.7,43349
"33173",2004,27029,12.4,34114
"33198",2004,27031,7,39471
"33223",2004,27033,9.3,38299
"33248",2004,27035,9,41983
"33273",2004,27037,5,67175
"33298",2004,27039,5.6,55595
"33323",2004,27041,7.5,43702
"33348",2004,27043,8.7,39055
"33373",2004,27045,8.3,41499
"33398",2004,27047,8.7,39865
"33423",2004,27049,6,52141
"33448",2004,27051,8.5,38064
"33473",2004,27053,9.3,54471
"33498",2004,27055,6.9,45225
"33523",2004,27057,10,39278
"33548",2004,27059,6.3,55345
"33573",2004,27061,10,39823
"33598",2004,27063,7.6,41797
"33623",2004,27065,8.9,42586
"33648",2004,27067,9.3,43233
"33673",2004,27069,8.6,36036
"33698",2004,27071,10.7,39606
"33723",2004,27073,7.6,37510
"33748",2004,27075,7.7,45400
"33773",2004,27077,8.2,37324
"33798",2004,27079,6.6,48655
"33823",2004,27081,8.4,35554
"33848",2004,27083,8.7,42830
"33873",2004,27085,5.9,49249
"33898",2004,27087,15.5,29645
"33923",2004,27089,8.7,40054
"33948",2004,27091,9.8,40593
"33973",2004,27093,7.3,45519
"33998",2004,27095,8.5,41527
"34023",2004,27097,9,41016
"34048",2004,27099,9.3,40712
"34073",2004,27101,7.5,40232
"34098",2004,27103,7.5,49593
"34123",2004,27105,9.7,39896
"34148",2004,27107,9.7,35955
"34173",2004,27109,6.8,58044
"34198",2004,27111,9,39114
"34223",2004,27113,9.1,38621
"34248",2004,27115,10.5,39663
"34273",2004,27117,8.6,38576
"34298",2004,27119,10.7,38702
"34323",2004,27121,8.3,40473
"34348",2004,27123,11,47607
"34373",2004,27125,8.8,36363
"34398",2004,27127,8,40920
"34423",2004,27129,9.1,41631
"34448",2004,27131,7.5,51111
"34473",2004,27133,7.5,42035
"34498",2004,27135,5.9,45174
"34523",2004,27137,10.6,41233
"34548",2004,27139,4,76072
"34573",2004,27141,4.7,64650
"34598",2004,27143,7.8,45278
"34623",2004,27145,8.7,47032
"34648",2004,27147,7,51066
"34673",2004,27149,8.7,41879
"34698",2004,27151,9.2,37673
"34723",2004,27153,10.8,35369
"34748",2004,27155,10.7,34506
"34773",2004,27157,6.2,47171
"34798",2004,27159,11.9,34615
"34823",2004,27161,8,45683
"34848",2004,27163,4.6,74676
"34873",2004,27165,8.9,39182
"34898",2004,27167,8.3,43741
"34923",2004,27169,9.7,41429
"34948",2004,27171,5.1,63448
"34973",2004,27173,8.1,39279
"34998",2004,28001,24.3,25143
"35023",2004,28003,17.3,30820
"35048",2004,28005,19.8,27769
"35073",2004,28007,21.1,26624
"35098",2004,28009,21,26077
"35123",2004,28011,30.1,24258
"35148",2004,28013,18.1,29005
"35173",2004,28015,16.8,30407
"35198",2004,28017,20.1,28187
"35223",2004,28019,22.1,28015
"35248",2004,28021,29.2,22831
"35273",2004,28023,19.7,28099
"35298",2004,28025,22.4,28315
"35323",2004,28027,30.6,23560
"35348",2004,28029,22.8,28315
"35373",2004,28031,20.6,28233
"35398",2004,28033,8.9,53055
"35423",2004,28035,21.8,28649
"35448",2004,28037,20.1,27883
"35473",2004,28039,17.2,36341
"35498",2004,28041,21.6,29643
"35523",2004,28043,19.2,30018
"35548",2004,28045,16.6,36285
"35573",2004,28047,16.9,35576
"35598",2004,28049,22.4,34405
"35623",2004,28051,33.7,20295
"35648",2004,28053,32.7,20682
"35673",2004,28055,34.7,21038
"35698",2004,28057,14,35206
"35723",2004,28059,15,40418
"35748",2004,28061,21.3,26534
"35773",2004,28063,29.6,20978
"35798",2004,28065,25.3,22426
"35823",2004,28067,19.6,30112
"35848",2004,28069,21.5,24793
"35873",2004,28071,16.2,32314
"35898",2004,28073,14.2,41056
"35923",2004,28075,20.1,32125
"35948",2004,28077,17.9,30950
"35973",2004,28079,20.8,28734
"35998",2004,28081,14.7,37235
"36023",2004,28083,31.6,22709
"36048",2004,28085,18.6,30667
"36073",2004,28087,20.2,32631
"36098",2004,28089,14.3,50321
"36123",2004,28091,23,27692
"36148",2004,28093,19.9,31063
"36173",2004,28095,17.1,32174
"36198",2004,28097,21.4,27622
"36223",2004,28099,19.5,30853
"36248",2004,28101,17.7,30973
"36273",2004,28103,28.6,22917
"36298",2004,28105,22.3,28263
"36323",2004,28107,22.2,28541
"36348",2004,28109,19,32548
"36373",2004,28111,19.1,29830
"36398",2004,28113,23.9,26173
"36423",2004,28115,13.6,35447
"36448",2004,28117,16.2,30743
"36473",2004,28119,30,22183
"36498",2004,28121,10.6,47580
"36523",2004,28123,16.3,28180
"36548",2004,28125,32,23632
"36573",2004,28127,20.6,29930
"36598",2004,28129,17.3,31732
"36623",2004,28131,18.2,33254
"36648",2004,28133,34.3,23019
"36673",2004,28135,27.1,24233
"36698",2004,28137,15.6,37072
"36723",2004,28139,16.1,31748
"36748",2004,28141,15.2,30476
"36773",2004,28143,23.9,26413
"36798",2004,28145,13.1,34830
"36823",2004,28147,23,24723
"36848",2004,28149,18.3,35932
"36873",2004,28151,29.5,25455
"36898",2004,28153,21.8,28084
"36923",2004,28155,18.9,29781
"36948",2004,28157,30.8,21771
"36973",2004,28159,21.8,29227
"36998",2004,28161,20.1,28981
"37023",2004,28163,29.1,25887
"37048",2004,29001,18.2,28630
"37073",2004,29003,9.1,44625
"37098",2004,29005,12.1,34820
"37123",2004,29007,15.1,33712
"37148",2004,29009,16.6,31078
"37173",2004,29011,14.3,32587
"37198",2004,29013,14.3,35027
"37223",2004,29015,16.5,29056
"37248",2004,29017,14.9,33573
"37273",2004,29019,12.7,41417
"37298",2004,29021,13.8,36748
"37323",2004,29023,19.3,29595
"37348",2004,29025,12.7,35216
"37373",2004,29027,11,40242
"37398",2004,29029,12.7,37821
"37423",2004,29031,12.9,40024
"37448",2004,29033,14.2,33140
"37473",2004,29035,20.7,27113
"37498",2004,29037,8.5,53032
"37523",2004,29039,17.9,28199
"37548",2004,29041,12.2,34315
"37573",2004,29043,10.2,43231
"37598",2004,29045,13.9,33301
"37623",2004,29047,7.7,54021
"37648",2004,29049,9.6,46455
"37673",2004,29051,10.2,47715
"37698",2004,29053,12.2,37327
"37723",2004,29055,16,32998
"37748",2004,29057,14.4,32083
"37773",2004,29059,16.8,29810
"37798",2004,29061,15.1,34360
"37823",2004,29063,14.9,34033
"37848",2004,29065,17.4,28739
"37873",2004,29067,18.8,27452
"37898",2004,29069,23.5,27738
"37923",2004,29071,9.4,46384
"37948",2004,29073,10.9,37165
"37973",2004,29075,12,32045
"37998",2004,29077,13.8,36887
"38023",2004,29079,15.6,29788
"38048",2004,29081,14.3,30638
"38073",2004,29083,14.9,33933
"38098",2004,29085,17.8,26287
"38123",2004,29087,12.7,32768
"38148",2004,29089,13.3,33518
"38173",2004,29091,18.7,28864
"38198",2004,29093,19.5,28582
"38223",2004,29095,14.1,42351
"38248",2004,29097,17,32923
"38273",2004,29099,8.6,51135
"38298",2004,29101,12.8,38845
"38323",2004,29103,15.8,29781
"38348",2004,29105,15.5,32656
"38373",2004,29107,11.5,40384
"38398",2004,29109,15,33568
"38423",2004,29111,14.6,33888
"38448",2004,29113,9.8,48182
"38473",2004,29115,14.6,30976
"38498",2004,29117,14.1,34000
"38523",2004,29119,19.3,28919
"38548",2004,29121,13.2,33620
"38573",2004,29123,16.8,29131
"38598",2004,29125,14,33260
"38623",2004,29127,14,34455
"38648",2004,29129,12.6,32318
"38673",2004,29131,15,32706
"38698",2004,29133,23.3,26015
"38723",2004,29135,11.8,38839
"38748",2004,29137,11.4,34793
"38773",2004,29139,12.9,35811
"38798",2004,29141,15.7,32676
"38823",2004,29143,21.5,29676
"38848",2004,29145,13.2,36378
"38873",2004,29147,13,35436
"38898",2004,29149,19.8,25551
"38923",2004,29151,9,42525
"38948",2004,29153,20,26952
"38973",2004,29155,26.2,24937
"38998",2004,29157,11.5,39204
"39023",2004,29159,14.3,34574
"39048",2004,29161,15.3,33713
"39073",2004,29163,15.7,34375
"39098",2004,29165,5.7,61030
"39123",2004,29167,16.3,32737
"39148",2004,29169,13.6,39094
"39173",2004,29171,14.8,30182
"39198",2004,29173,9.9,41559
"39223",2004,29175,15.3,33853
"39248",2004,29177,9.5,46167
"39273",2004,29179,18.3,27544
"39298",2004,29181,21.9,25930
"39323",2004,29183,5.4,64581
"39348",2004,29185,18.4,27390
"39373",2004,29186,9.9,42951
"39398",2004,29187,15.9,33737
"39423",2004,29189,9.6,52097
"39448",2004,29195,14.8,34032
"39473",2004,29197,15.7,29247
"39498",2004,29199,13.8,30347
"39523",2004,29201,16.3,33707
"39548",2004,29203,23.2,22926
"39573",2004,29205,14.1,32669
"39598",2004,29207,16.4,31311
"39623",2004,29209,14.3,34059
"39648",2004,29211,15.8,29426
"39673",2004,29213,14.2,31919
"39698",2004,29215,20.2,27193
"39723",2004,29217,16.5,31583
"39748",2004,29219,10.1,46883
"39773",2004,29221,20.7,29094
"39798",2004,29223,21.7,25432
"39823",2004,29225,14.6,35895
"39848",2004,29227,13.8,29408
"39873",2004,29229,20.3,26554
"39898",2004,29510,24.6,28069
"39923",2004,30001,14.6,33153
"39948",2004,30003,23.1,29593
"39973",2004,30005,21.5,27862
"39998",2004,30007,12.3,35899
"40023",2004,30009,10.2,36340
"40048",2004,30011,10.7,28411
"40073",2004,30013,13.4,35466
"40098",2004,30015,14.2,31219
"40123",2004,30017,13.7,34035
"40148",2004,30019,10.7,29052
"40173",2004,30021,11.9,35740
"40198",2004,30023,14.5,30155
"40223",2004,30025,9,37822
"40248",2004,30027,13.2,33414
"40273",2004,30029,12.1,39885
"40298",2004,30031,10.7,42498
"40323",2004,30033,10.7,29259
"40348",2004,30035,25.2,28732
"40373",2004,30037,17.9,25565
"40398",2004,30039,13.6,31883
"40423",2004,30041,17.3,34457
"40448",2004,30043,9.4,47513
"40473",2004,30045,13.6,29793
"40498",2004,30047,18.7,31450
"40523",2004,30049,11.3,41856
"40548",2004,30051,11.9,29779
"40573",2004,30053,17.9,30061
"40598",2004,30055,10.4,29746
"40623",2004,30057,10.9,34177
"40648",2004,30059,14.9,27412
"40673",2004,30061,16.6,31657
"40698",2004,30063,14.5,37172
"40723",2004,30065,15.4,30350
"40748",2004,30067,11.5,34657
"40773",2004,30069,10.8,23951
"40798",2004,30071,15.5,31742
"40823",2004,30073,16.8,30120
"40848",2004,30075,9.9,30732
"40873",2004,30077,15.8,31254
"40898",2004,30079,11.1,31221
"40923",2004,30081,12.9,36727
"40948",2004,30083,12.2,37941
"40973",2004,30085,26.8,27067
"40998",2004,30087,17.7,40709
"41023",2004,30089,15.6,29654
"41048",2004,30091,12.3,31791
"41073",2004,30093,15.1,33502
"41098",2004,30095,8.6,47411
"41123",2004,30097,9.4,37120
"41148",2004,30099,11.8,32537
"41173",2004,30101,13.4,31855
"41198",2004,30103,12.1,35510
"41223",2004,30105,13.8,34514
"41248",2004,30107,18.8,25279
"41273",2004,30109,10.6,30350
"41298",2004,30111,12,41255
"41327",2004,31001,10.1,38732
"41352",2004,31003,11.3,34933
"41377",2004,31005,9.4,33816
"41402",2004,31007,9.6,35471
"41427",2004,31009,13.6,32259
"41452",2004,31011,9.7,35655
"41477",2004,31013,11.4,41980
"41502",2004,31015,11.2,26999
"41527",2004,31017,10.9,32624
"41552",2004,31019,10.6,41036
"41577",2004,31021,9.6,36948
"41602",2004,31023,8.7,40030
"41627",2004,31025,6.2,53205
"41652",2004,31027,8,39588
"41677",2004,31029,9.5,37050
"41702",2004,31031,11.8,33527
"41727",2004,31033,9.4,40302
"41752",2004,31035,10,37048
"41777",2004,31037,9.5,37620
"41802",2004,31039,8.3,38597
"41827",2004,31041,11.8,34019
"41852",2004,31043,11.1,39394
"41877",2004,31045,15.8,31378
"41902",2004,31047,10.9,36542
"41927",2004,31049,9.1,35840
"41952",2004,31051,8.3,37874
"41977",2004,31053,9.7,40241
"42002",2004,31055,11.1,47193
"42027",2004,31057,12,29310
"42052",2004,31059,9.3,38911
"42077",2004,31061,11.2,33088
"42102",2004,31063,10.5,34797
"42127",2004,31065,11.5,32208
"42152",2004,31067,9.3,38922
"42177",2004,31069,12.3,29635
"42202",2004,31071,10.6,30568
"42227",2004,31073,6.9,40656
"42252",2004,31075,7.9,37113
"42277",2004,31077,11.1,32241
"42302",2004,31079,12.2,40018
"42327",2004,31081,7.9,45934
"42352",2004,31083,10.5,33264
"42377",2004,31085,9.3,28100
"42402",2004,31087,12.5,31220
"42427",2004,31089,11.6,35139
"42452",2004,31091,6.9,38335
"42477",2004,31093,10.2,36922
"42502",2004,31095,8.8,37559
"42527",2004,31097,8.9,38076
"42552",2004,31099,8.2,42771
"42577",2004,31101,10,35252
"42602",2004,31103,13.1,32279
"42627",2004,31105,11.4,32851
"42652",2004,31107,13.4,31705
"42677",2004,31109,9.6,46560
"42702",2004,31111,10.5,41103
"42727",2004,31113,7.3,37086
"42752",2004,31115,8.5,32753
"42777",2004,31117,11.5,35869
"42802",2004,31119,11.7,39701
"42827",2004,31121,9.1,38222
"42852",2004,31123,13.9,33675
"42877",2004,31125,10.5,35011
"42902",2004,31127,11.4,39455
"42927",2004,31129,10.3,32278
"42952",2004,31131,8.4,42565
"42977",2004,31133,11.4,32354
"43002",2004,31135,10.4,36943
"43027",2004,31137,9.7,41426
"43052",2004,31139,9.3,39224
"43077",2004,31141,8.6,43252
"43102",2004,31143,7.4,41403
"43127",2004,31145,10.4,35646
"43152",2004,31147,11.7,33285
"43177",2004,31149,13.9,27512
"43202",2004,31151,8.4,41876
"43227",2004,31153,5.4,60782
"43252",2004,31155,7.2,47848
"43277",2004,31157,14.5,33995
"43302",2004,31159,7,47309
"43327",2004,31161,13.5,30779
"43352",2004,31163,11.1,33367
"43377",2004,31165,9.1,33964
"43402",2004,31167,7.4,41099
"43427",2004,31169,9.8,35827
"43452",2004,31171,9.1,33647
"43477",2004,31173,20.5,30906
"43502",2004,31175,11.2,33058
"43527",2004,31177,6.2,53724
"43552",2004,31179,10.7,36912
"43577",2004,31181,9.9,33646
"43602",2004,31183,10.3,33834
"43627",2004,31185,8.6,41098
"43652",2004,32001,10.2,45720
"43677",2004,32003,11.6,45793
"43702",2004,32005,7,54520
"43727",2004,32007,8.7,52202
"43752",2004,32009,12.4,37283
"43777",2004,32011,9,42790
"43802",2004,32013,9.8,47532
"43827",2004,32015,9.5,49257
"43852",2004,32017,13,38226
"43877",2004,32019,9,46078
"43902",2004,32021,14.8,33302
"43927",2004,32023,11.9,41025
"43952",2004,32027,13,38821
"43977",2004,32029,5.1,49043
"44002",2004,32031,10.1,50167
"44027",2004,32033,12.4,39420
"44052",2004,32510,10.2,45133
"44077",2004,33001,7,48171
"44102",2004,33003,7,44452
"44127",2004,33005,7,46428
"44152",2004,33007,10.2,36587
"44177",2004,33009,8.2,46952
"44202",2004,33011,6.6,57228
"44227",2004,33013,6.3,51969
"44252",2004,33015,4.6,65923
"44277",2004,33017,8.8,48329
"44302",2004,33019,7.9,44905
"44327",2004,34001,10,44782
"44352",2004,34003,5.7,65637
"44377",2004,34005,5.5,63354
"44402",2004,34007,10.6,48748
"44427",2004,34009,8.5,44528
"44452",2004,34011,14.2,39335
"44477",2004,34013,13.9,44486
"44502",2004,34015,6.2,59516
"44527",2004,34017,14.4,40311
"44552",2004,34019,3.1,87701
"44577",2004,34021,8.1,57705
"44602",2004,34023,6.9,60987
"44627",2004,34025,5.9,71464
"44652",2004,34027,4.1,82173
"44677",2004,34029,7.6,51009
"44702",2004,34031,12,47861
"44727",2004,34033,9.2,49231
"44752",2004,34035,4.3,79567
"44777",2004,34037,4.4,71013
"44802",2004,34039,9.1,55247
"44827",2004,34041,5.4,61281
"44852",2004,35001,14.1,43047
"44877",2004,35003,18,24913
"44902",2004,35005,20,29779
"44927",2004,35006,20.8,29888
"44952",2004,35007,14.4,32336
"44977",2004,35009,17.3,31824
"45002",2004,35011,16.1,27377
"45027",2004,35013,23,30740
"45052",2004,35015,16.4,36329
"45077",2004,35017,17.9,29926
"45102",2004,35019,19.5,25248
"45127",2004,35021,12.7,25670
"45152",2004,35023,21.2,23702
"45177",2004,35025,17.6,34766
"45202",2004,35027,14.5,33642
"45227",2004,35028,3.2,94640
"45252",2004,35029,24.3,22888
"45277",2004,35031,27.4,27301
"45302",2004,35033,19.6,25743
"45327",2004,35035,15.2,32400
"45352",2004,35037,20.1,24779
"45377",2004,35039,18.1,32935
"45402",2004,35041,20,28918
"45427",2004,35043,11.5,47745
"45452",2004,35045,16.5,36821
"45477",2004,35047,21.4,27972
"45502",2004,35049,12,43727
"45527",2004,35051,20.4,23821
"45552",2004,35053,23.6,26622
"45577",2004,35055,17.5,29508
"45602",2004,35057,22.4,30347
"45627",2004,35059,15,29818
"45652",2004,35061,16.3,36955
"45677",2004,36001,10.8,45870
"45702",2004,36003,15.1,33791
"45727",2004,36005,28.2,28173
"45752",2004,36007,12.4,37089
"45777",2004,36009,13.2,36168
"45802",2004,36011,11.7,39454
"45827",2004,36013,14.9,34734
"45852",2004,36015,14,37201
"45877",2004,36017,13.4,36511
"45902",2004,36019,13,39935
"45927",2004,36021,9.7,43112
"45952",2004,36023,13.6,36586
"45977",2004,36025,12.4,34142
"46002",2004,36027,7.7,56971
"46027",2004,36029,13.4,42122
"46052",2004,36031,11.6,37279
"46077",2004,36033,14.7,33956
"46102",2004,36035,13,36391
"46127",2004,36037,9.4,42512
"46152",2004,36039,12.4,39197
"46177",2004,36041,9.1,36503
"46202",2004,36043,12.6,35239
"46227",2004,36045,13.9,35546
"46252",2004,36047,23.8,32339
"46277",2004,36049,12.8,35997
"46302",2004,36051,10.8,43479
"46327",2004,36053,10.6,41358
"46352",2004,36055,13.1,46412
"46377",2004,36057,13.1,35806
"46402",2004,36059,6.2,70747
"46427",2004,36061,18.8,45290
"46452",2004,36063,11.7,40118
"46477",2004,36065,13.6,37327
"46502",2004,36067,12.2,43474
"46527",2004,36069,8.4,47004
"46552",2004,36071,10.2,54771
"46577",2004,36073,12.5,38482
"46602",2004,36075,13.6,39185
"46627",2004,36077,12.6,36439
"46652",2004,36079,4.5,75514
"46677",2004,36081,15,39649
"46702",2004,36083,10.3,45367
"46727",2004,36085,10.2,56519
"46752",2004,36087,9.5,67852
"46777",2004,36089,15.5,34247
"46802",2004,36091,6.4,55702
"46827",2004,36093,11.7,44819
"46852",2004,36095,11.6,37422
"46877",2004,36097,11.7,37992
"46902",2004,36099,11.4,38617
"46927",2004,36101,13.6,37959
"46952",2004,36103,7,65214
"46977",2004,36105,13.3,39030
"47002",2004,36107,9.4,42346
"47027",2004,36109,13.5,38890
"47052",2004,36111,10.7,43887
"47077",2004,36113,9.8,42139
"47102",2004,36115,10.8,39274
"47127",2004,36117,10.1,45417
"47152",2004,36119,8.9,63924
"47177",2004,36121,9.9,41747
"47202",2004,36123,12.3,37127
"47227",2004,37001,11.8,39217
"47252",2004,37003,11.5,38970
"47277",2004,37005,16.5,29144
"47302",2004,37007,19.7,29320
"47327",2004,37009,14.1,31297
"47352",2004,37011,15.5,31069
"47377",2004,37013,17.7,32986
"47402",2004,37015,21.3,27040
"47427",2004,37017,20.2,28803
"47452",2004,37019,13.2,39379
"47477",2004,37021,13.8,37738
"47502",2004,37023,14,35474
"47527",2004,37025,10.8,48446
"47552",2004,37027,13.6,36748
"47577",2004,37029,8.7,48365
"47602",2004,37031,11.8,40423
"47627",2004,37033,16.2,34113
"47652",2004,37035,11.4,41231
"47677",2004,37037,10.2,45610
"47702",2004,37039,15.1,30177
"47727",2004,37041,16.9,33245
"47752",2004,37043,12.7,32781
"47777",2004,37045,15.4,35880
"47802",2004,37047,21.1,28652
"47827",2004,37049,13.7,39141
"47852",2004,37051,16.2,39035
"47877",2004,37053,9.6,47114
"47902",2004,37055,7.8,46125
"47927",2004,37057,13.2,39766
"47952",2004,37059,9.3,44581
"47977",2004,37061,17.9,31893
"48002",2004,37063,14.9,44048
"48027",2004,37065,21.5,32193
"48052",2004,37067,13.6,42491
"48077",2004,37069,13.6,40097
"48102",2004,37071,14.2,40356
"48127",2004,37073,14.1,37934
"48152",2004,37075,16.7,29609
"48177",2004,37077,14.5,39322
"48202",2004,37079,19.1,32203
"48227",2004,37081,14.7,42545
"48252",2004,37083,23.2,27549
"48277",2004,37085,15.8,36385
"48302",2004,37087,13.8,36213
"48327",2004,37089,11.2,40097
"48352",2004,37091,20.8,28226
"48377",2004,37093,16.1,34444
"48402",2004,37095,19.3,28152
"48427",2004,37097,10.1,44111
"48452",2004,37099,15.8,33909
"48477",2004,37101,12.9,44099
"48502",2004,37103,16.9,33326
"48527",2004,37105,13.1,39387
"48552",2004,37107,17.8,32123
"48577",2004,37109,11.1,43557
"48602",2004,37111,13.1,33210
"48627",2004,37113,13.3,34501
"48652",2004,37115,15.4,32541
"48677",2004,37117,18.8,30106
"48702",2004,37119,12.8,49683
"48727",2004,37121,14.6,32334
"48752",2004,37123,15.9,32374
"48777",2004,37125,12.1,42923
"48802",2004,37127,14.7,38394
"48827",2004,37129,13.9,41579
"48852",2004,37131,20.9,28648
"48877",2004,37133,15.8,34995
"48902",2004,37135,12.6,46621
"48927",2004,37137,15.5,35200
"48952",2004,37139,16.8,33535
"48977",2004,37141,14.2,37394
"49002",2004,37143,16,33481
"49027",2004,37145,13.6,38132
"49052",2004,37147,17.8,35444
"49077",2004,37149,11.2,38184
"49102",2004,37151,11.5,38777
"49127",2004,37153,19.7,29111
"49152",2004,37155,23.8,27241
"49177",2004,37157,13.5,35539
"49202",2004,37159,13,38598
"49227",2004,37161,16.1,32774
"49252",2004,37163,17.5,33824
"49277",2004,37165,20.5,30100
"49302",2004,37167,12.8,37886
"49327",2004,37169,11.1,40946
"49352",2004,37171,14.6,33355
"49377",2004,37173,15.4,34123
"49402",2004,37175,12.6,36934
"49427",2004,37177,23.5,26176
"49452",2004,37179,9.7,56218
"49477",2004,37181,20.7,30498
"49502",2004,37183,9.2,57846
"49527",2004,37185,21.8,27812
"49552",2004,37187,20.6,29576
"49577",2004,37189,14.7,34165
"49602",2004,37191,15.4,35018
"49627",2004,37193,13.9,35393
"49652",2004,37195,17.5,34649
"49677",2004,37197,11.6,38473
"49702",2004,37199,16.4,31033
"49727",2004,38001,10.1,31352
"49752",2004,38003,10.7,36799
"49777",2004,38005,22.4,28058
"49802",2004,38007,9.3,38505
"49827",2004,38009,11,37385
"49852",2004,38011,7.8,39302
"49877",2004,38013,10.2,32504
"49902",2004,38015,8.8,47268
"49927",2004,38017,9.2,44531
"49952",2004,38019,9.8,34722
"49977",2004,38021,12.2,35537
"50002",2004,38023,10.1,31236
"50027",2004,38025,11.5,34299
"50052",2004,38027,10.1,32267
"50077",2004,38029,12.6,29519
"50102",2004,38031,8.2,36033
"50127",2004,38033,11.4,30956
"50152",2004,38035,11.3,39171
"50177",2004,38037,15.5,26855
"50202",2004,38039,9.9,34282
"50227",2004,38041,11.3,31954
"50252",2004,38043,11.4,30228
"50277",2004,38045,9.8,38870
"50302",2004,38047,10.4,31379
"50327",2004,38049,12.8,32306
"50352",2004,38051,13.4,30281
"50377",2004,38053,13.7,33711
"50402",2004,38055,11.3,39218
"50427",2004,38057,7.4,53710
"50452",2004,38059,9.9,43050
"50477",2004,38061,14.2,34503
"50502",2004,38063,9.5,31344
"50527",2004,38065,8.9,46396
"50552",2004,38067,8.7,37537
"50577",2004,38069,11.4,30116
"50602",2004,38071,13.5,36445
"50627",2004,38073,8.9,43281
"50652",2004,38075,9.4,37831
"50677",2004,38077,10,39530
"50702",2004,38079,25.9,28085
"50727",2004,38081,7.1,45253
"50752",2004,38083,16.9,29552
"50777",2004,38085,28.1,25420
"50802",2004,38087,9.6,31723
"50827",2004,38089,11.4,38345
"50852",2004,38091,8,39697
"50877",2004,38093,11.4,38081
"50902",2004,38095,9.6,34606
"50927",2004,38097,9.1,40995
"50952",2004,38099,11.1,36396
"50977",2004,38101,10.7,39828
"51002",2004,38103,11.7,36092
"51027",2004,38105,11.1,38115
"51052",2004,39001,16.1,31364
"51077",2004,39003,12.2,39134
"51102",2004,39005,9.7,41074
"51127",2004,39007,12.7,37729
"51152",2004,39009,20.2,29785
"51177",2004,39011,7,46070
"51202",2004,39013,14.8,32910
"51227",2004,39015,11.9,41165
"51252",2004,39017,9.8,49856
"51277",2004,39019,10.9,37052
"51302",2004,39021,8.9,44642
"51327",2004,39023,12.8,40776
"51352",2004,39025,7.8,52951
"51377",2004,39027,9.8,41826
"51402",2004,39029,12.2,35644
"51427",2004,39031,11.3,36267
"51452",2004,39033,11.4,38023
"51477",2004,39035,15,40547
"51502",2004,39037,8.3,41468
"51527",2004,39039,7.9,46151
"51552",2004,39041,5,75098
"51577",2004,39043,9.6,44515
"51602",2004,39045,7.7,52088
"51627",2004,39047,12,39690
"51652",2004,39049,13.1,45459
"51677",2004,39051,7.1,47958
"51702",2004,39053,17.4,33156
"51727",2004,39055,5.5,61254
"51752",2004,39057,9.4,51173
"51777",2004,39059,15.2,32909
"51802",2004,39061,13.1,43811
"51827",2004,39063,7.9,46074
"51852",2004,39065,11.6,36238
"51877",2004,39067,13,32670
"51902",2004,39069,7.3,45573
"51927",2004,39071,12.2,37597
"51952",2004,39073,13.3,36440
"51977",2004,39075,9.7,39740
"52002",2004,39077,9.5,42230
"52027",2004,39079,15.5,33312
"52052",2004,39081,14.7,33691
"52077",2004,39083,10.6,42157
"52102",2004,39085,6.6,50227
"52127",2004,39087,17.4,31131
"52152",2004,39089,9.5,47950
"52177",2004,39091,10,43620
"52202",2004,39093,10.9,46286
"52227",2004,39095,14.7,40277
"52252",2004,39097,9.6,46252
"52277",2004,39099,14.3,36784
"52302",2004,39101,12,40033
"52327",2004,39103,5.9,59457
"52352",2004,39105,18.1,28859
"52377",2004,39107,6.4,46210
"52402",2004,39109,8.2,45869
"52427",2004,39111,12.4,34169
"52452",2004,39113,12.5,41846
"52477",2004,39115,14.8,32012
"52502",2004,39117,9.8,44405
"52527",2004,39119,14.2,37192
"52552",2004,39121,13.2,33860
"52577",2004,39123,7.5,46849
"52602",2004,39125,8.7,41891
"52627",2004,39127,13.2,36754
"52652",2004,39129,11.1,44595
"52677",2004,39131,17.2,33302
"52702",2004,39133,9.7,45795
"52727",2004,39135,8.1,43281
"52752",2004,39137,6.5,48926
"52777",2004,39139,12,39328
"52802",2004,39141,13.1,38939
"52827",2004,39143,8.9,42793
"52852",2004,39145,18.9,30557
"52877",2004,39147,9.8,39620
"52902",2004,39149,7.8,46686
"52927",2004,39151,10.7,41180
"52952",2004,39153,12.3,44030
"52977",2004,39155,12.1,39176
"53002",2004,39157,10.1,37802
"53027",2004,39159,6.7,56521
"53052",2004,39161,7,42351
"53077",2004,39163,16.8,32086
"53102",2004,39165,5.3,63899
"53127",2004,39167,12.2,36297
"53152",2004,39169,9.1,43120
"53177",2004,39171,8.3,41939
"53202",2004,39173,8,46191
"53227",2004,39175,6.6,42428
"53252",2004,40001,18.7,27823
"53277",2004,40003,13.5,30857
"53302",2004,40005,18.7,27211
"53327",2004,40007,10.2,38031
"53352",2004,40009,14.5,33632
"53377",2004,40011,17.4,28139
"53402",2004,40013,16.6,29055
"53427",2004,40015,18.3,28860
"53452",2004,40017,8.3,50941
"53477",2004,40019,14.7,32046
"53502",2004,40021,18.3,29133
"53527",2004,40023,21.1,25197
"53552",2004,40025,13.2,27559
"53577",2004,40027,9.3,46681
"53602",2004,40029,18.6,25525
"53627",2004,40031,15.4,35897
"53652",2004,40033,13.8,30423
"53677",2004,40035,15.2,31655
"53702",2004,40037,13,36134
"53727",2004,40039,15.6,31707
"53752",2004,40041,15.9,30385
"53777",2004,40043,11.4,32482
"53802",2004,40045,11,31883
"53827",2004,40047,13.4,35597
"53852",2004,40049,15,31926
"53877",2004,40051,12.5,37487
"53902",2004,40053,12.3,32319
"53927",2004,40055,20.5,25499
"53952",2004,40057,20.8,24347
"53977",2004,40059,9.2,38092
"54002",2004,40061,17,28367
"54027",2004,40063,19.7,25324
"54052",2004,40065,14.7,34881
"54077",2004,40067,18,25274
"54102",2004,40069,16.1,28306
"54127",2004,40071,15.5,34028
"54152",2004,40073,9.6,42825
"54177",2004,40075,17.1,28051
"54202",2004,40077,17.2,29583
"54227",2004,40079,18,29270
"54252",2004,40081,13.4,33820
"54277",2004,40083,12.9,41936
"54302",2004,40085,12.9,34431
"54327",2004,40087,9.8,42649
"54352",2004,40089,20.5,26113
"54377",2004,40091,17.1,27302
"54402",2004,40093,10.1,35186
"54427",2004,40095,14.2,29344
"54452",2004,40097,14.8,33272
"54477",2004,40099,13.8,32707
"54502",2004,40101,17.2,31367
"54527",2004,40103,12.5,36448
"54552",2004,40105,13.6,32048
"54577",2004,40107,19.9,26340
"54602",2004,40109,15.2,37967
"54627",2004,40111,17.8,30221
"54652",2004,40113,12.6,36557
"54677",2004,40115,15.1,29948
"54702",2004,40117,13.4,33914
"54727",2004,40119,16.3,31529
"54752",2004,40121,15.6,32412
"54777",2004,40123,16.6,29230
"54802",2004,40125,15.4,34384
"54827",2004,40127,19.1,24988
"54852",2004,40129,9.6,35559
"54877",2004,40131,9.1,48555
"54902",2004,40133,20.5,27124
"54927",2004,40135,17.6,29890
"54952",2004,40137,13.5,35103
"54977",2004,40139,11.1,34500
"55002",2004,40141,18.7,26537
"55027",2004,40143,12.5,40204
"55052",2004,40145,10.2,44739
"55077",2004,40147,11.8,38270
"55102",2004,40149,13.7,32842
"55127",2004,40151,13.5,31195
"55152",2004,40153,11.6,37946
"55177",2004,41001,15.2,31737
"55202",2004,41003,12.5,45247
"55227",2004,41005,9,53150
"55252",2004,41007,13,37703
"55277",2004,41009,9.5,49227
"55302",2004,41011,16,33178
"55327",2004,41013,12.5,37981
"55352",2004,41015,13,32767
"55377",2004,41017,10.7,45894
"55402",2004,41019,15,36041
"55427",2004,41021,9.7,41993
"55452",2004,41023,13,34475
"55477",2004,41025,14.1,32433
"55502",2004,41027,13,40023
"55527",2004,41029,14,38481
"55552",2004,41031,15.2,37861
"55577",2004,41033,16.1,32786
"55602",2004,41035,16.6,33765
"55627",2004,41037,15.9,31639
"55652",2004,41039,14.9,37905
"55677",2004,41041,15.3,34175
"55702",2004,41043,13.7,39910
"55727",2004,41045,19.5,30302
"55752",2004,41047,15.1,40702
"55777",2004,41049,13.7,43869
"55802",2004,41051,14.2,42334
"55827",2004,41053,11.3,45203
"55852",2004,41055,14.4,38442
"55877",2004,41057,12.9,36451
"55902",2004,41059,14.9,38388
"55927",2004,41061,13.8,37069
"55952",2004,41063,12.6,34769
"55977",2004,41065,14.1,35475
"56002",2004,41067,9.3,55933
"56027",2004,41069,13.3,29390
"56052",2004,41071,11.2,45469
"56077",2004,42001,7.7,48439
"56102",2004,42003,11.4,42182
"56127",2004,42005,12.3,35090
"56152",2004,42007,11.4,39688
"56177",2004,42009,10.8,36059
"56202",2004,42011,10.5,46008
"56227",2004,42013,13.4,35185
"56252",2004,42015,11.8,37380
"56277",2004,42017,5.9,64696
"56302",2004,42019,8.3,47773
"56327",2004,42021,12.4,32727
"56352",2004,42023,10.5,34755
"56377",2004,42025,10,39678
"56402",2004,42027,12.1,38625
"56427",2004,42029,5.5,69904
"56452",2004,42031,12.7,34110
"56477",2004,42033,13.6,34189
"56502",2004,42035,13,34162
"56527",2004,42037,11.5,37871
"56552",2004,42039,13.2,35386
"56577",2004,42041,6.7,50733
"56602",2004,42043,10.3,46761
"56627",2004,42045,9.9,51287
"56652",2004,42047,8.8,40482
"56677",2004,42049,13.7,37876
"56702",2004,42051,16.9,30287
"56727",2004,42053,14.8,29217
"56752",2004,42055,8.2,45454
"56777",2004,42057,9.7,40198
"56802",2004,42059,15.7,32551
"56827",2004,42061,12.4,35828
"56852",2004,42063,14.6,33906
"56877",2004,42065,12.1,34443
"56902",2004,42067,8.8,40162
"56927",2004,42069,11.2,37545
"56952",2004,42071,8.8,48960
"56977",2004,42073,13.1,36079
"57002",2004,42075,9,44636
"57027",2004,42077,9.9,46015
"57052",2004,42079,11.5,36968
"57077",2004,42081,12,36891
"57102",2004,42083,13.6,35144
"57127",2004,42085,13,36536
"57152",2004,42087,12.4,35392
"57177",2004,42089,9.3,49918
"57202",2004,42091,5.8,65889
"57227",2004,42093,9.5,42883
"57252",2004,42095,8.2,49667
"57277",2004,42097,10.6,34901
"57302",2004,42099,8.2,45892
"57327",2004,42101,21.6,30892
"57352",2004,42103,7.4,50368
"57377",2004,42105,11.9,36088
"57402",2004,42107,10.8,36115
"57427",2004,42109,8.8,39265
"57452",2004,42111,12.6,33425
"57477",2004,42113,11.3,32749
"57502",2004,42115,11.5,36104
"57527",2004,42117,12.3,34037
"57552",2004,42119,10,40584
"57577",2004,42121,14,34403
"57602",2004,42123,11.2,37399
"57627",2004,42125,10.6,41831
"57652",2004,42127,11,38365
"57677",2004,42129,9.6,41232
"57702",2004,42131,10.3,39883
"57727",2004,42133,8.1,49292
"57752",2004,44001,7.2,54877
"57777",2004,44003,7.1,53227
"57802",2004,44005,7.7,54135
"57827",2004,44007,14.8,40284
"57852",2004,44009,6.5,59494
"57877",2004,45001,15.1,31362
"57902",2004,45003,14.5,40052
"57927",2004,45005,32.1,21527
"57952",2004,45007,13.6,38667
"57977",2004,45009,23.1,25648
"58002",2004,45011,19.2,27194
"58027",2004,45013,11.4,48577
"58052",2004,45015,12.7,43545
"58077",2004,45017,15.8,34797
"58102",2004,45019,15,39962
"58127",2004,45021,16.4,35374
"58152",2004,45023,16.5,34126
"58177",2004,45025,19.3,30878
"58202",2004,45027,23.2,27491
"58227",2004,45029,20,30733
"58252",2004,45031,19.9,31982
"58277",2004,45033,22.2,27309
"58302",2004,45035,11.8,47124
"58327",2004,45037,17.2,36009
"58352",2004,45039,17.8,31431
"58377",2004,45041,17.8,35835
"58402",2004,45043,16.2,37679
"58427",2004,45045,13,42439
"58452",2004,45047,15.1,35918
"58477",2004,45049,21.6,29120
"58502",2004,45051,13.9,36857
"58527",2004,45053,21.6,29717
"58552",2004,45055,13.3,41242
"58577",2004,45057,14.9,35865
"58602",2004,45059,16.3,33156
"58627",2004,45061,22.7,26678
"58652",2004,45063,11.3,46517
"58677",2004,45065,18,31478
"58702",2004,45067,22.5,26593
"58727",2004,45069,22,27326
"58752",2004,45071,16.3,33920
"58777",2004,45073,12.7,39415
"58802",2004,45075,21.6,29939
"58827",2004,45077,13.7,38199
"58852",2004,45079,15.1,40025
"58877",2004,45081,15.7,34771
"58902",2004,45083,13.5,39501
"58927",2004,45085,17.7,33858
"58952",2004,45087,16,32128
"58977",2004,45089,25.8,25276
"59002",2004,45091,12,47351
"59027",2004,46003,11.3,34566
"59052",2004,46005,12.3,34431
"59077",2004,46007,29.3,25755
"59102",2004,46009,13.7,33466
"59127",2004,46011,12.9,39278
"59152",2004,46013,10.5,40974
"59177",2004,46015,13.2,33004
"59202",2004,46017,31.6,17787
"59227",2004,46019,13.2,33286
"59252",2004,46021,11,30882
"59277",2004,46023,22.4,29082
"59302",2004,46025,12.9,32220
"59327",2004,46027,19.8,31222
"59352",2004,46029,10.3,40536
"59377",2004,46031,32.4,23136
"59402",2004,46033,10.2,41412
"59427",2004,46035,11.6,37846
"59452",2004,46037,13.6,33035
"59477",2004,46039,9.1,37747
"59502",2004,46041,25.7,28211
"59527",2004,46043,10.9,33221
"59552",2004,46045,9.8,37445
"59577",2004,46047,13.2,31779
"59602",2004,46049,10,33445
"59627",2004,46051,9.8,38542
"59652",2004,46053,16,27841
"59677",2004,46055,9.9,33470
"59702",2004,46057,9.7,38745
"59727",2004,46059,9.7,36393
"59752",2004,46061,8.3,44689
"59777",2004,46063,11.5,32895
"59802",2004,46065,10.5,47411
"59827",2004,46067,12,34520
"59852",2004,46069,10.9,35002
"59877",2004,46071,27.3,24472
"59902",2004,46073,12.3,33791
"59927",2004,46075,13.3,31281
"59952",2004,46077,9,35526
"59977",2004,46079,10.9,39056
"60002",2004,46081,12.6,36574
"60027",2004,46083,4.8,59615
"60052",2004,46085,19,30035
"60077",2004,46087,9.3,39642
"60102",2004,46089,13.4,27387
"60127",2004,46091,10.3,33590
"60152",2004,46093,9.3,44516
"60177",2004,46095,28.6,25433
"60202",2004,46097,11.4,32285
"60227",2004,46099,10.4,46718
"60252",2004,46101,9.5,39352
"60280",2004,46103,14,40624
"60305",2004,46105,13.9,30730
"60330",2004,46107,9.5,36761
"60355",2004,46109,18.4,31687
"60380",2004,46111,12.9,35563
"60402",2004,46113,38.4,23434
"60427",2004,46115,12.1,33547
"60452",2004,46117,8.8,45902
"60477",2004,46119,8.3,41171
"60502",2004,46121,36.4,22138
"60527",2004,46123,17.3,32606
"60552",2004,46125,8.9,40129
"60577",2004,46127,6.9,52431
"60602",2004,46129,16,30790
"60627",2004,46135,12.8,38240
"60652",2004,46137,39.4,19877
"60677",2004,47001,14.6,38954
"60702",2004,47003,14.3,38694
"60727",2004,47005,18,29498
"60752",2004,47007,19,30444
"60777",2004,47009,11.3,41639
"60802",2004,47011,13.9,38003
"60827",2004,47013,21.7,28534
"60852",2004,47015,14.1,37195
"60877",2004,47017,17,32247
"60902",2004,47019,18.3,29834
"60927",2004,47021,9.9,49274
"60952",2004,47023,15.3,35942
"60977",2004,47025,19.9,28621
"61002",2004,47027,18.6,25973
"61027",2004,47029,21.4,27003
"61052",2004,47031,14.5,39704
"61077",2004,47033,16.4,32041
"61102",2004,47035,14.7,34061
"61127",2004,47037,15.7,41981
"61152",2004,47039,17,31409
"61177",2004,47041,16.4,33893
"61202",2004,47043,12.8,40495
"61227",2004,47045,17,35447
"61252",2004,47047,12.9,44601
"61277",2004,47049,21.9,25926
"61302",2004,47051,13.5,38407
"61327",2004,47053,15.3,33046
"61352",2004,47055,14.5,35358
"61377",2004,47057,17,30776
"61402",2004,47059,15.3,33917
"61427",2004,47061,22.2,27034
"61452",2004,47063,15.2,34678
"61477",2004,47065,14.6,40332
"61502",2004,47067,28.5,20120
"61527",2004,47069,21.1,30746
"61552",2004,47071,19.2,29725
"61577",2004,47073,15.7,34352
"61602",2004,47075,19,29805
"61627",2004,47077,14.3,35451
"61652",2004,47079,15.9,31219
"61677",2004,47081,16.5,32823
"61702",2004,47083,16.6,32536
"61727",2004,47085,13.1,37128
"61752",2004,47087,19.1,29268
"61777",2004,47089,15.2,35323
"61802",2004,47091,21.8,25628
"61827",2004,47093,13.8,41618
"61852",2004,47095,31.4,23472
"61877",2004,47097,20.7,29660
"61902",2004,47099,15.9,32817
"61927",2004,47101,16.7,31954
"61952",2004,47103,14.4,36961
"61977",2004,47105,11.1,45595
"62002",2004,47107,15.1,35261
"62027",2004,47109,17.5,32730
"62052",2004,47111,16.3,31955
"62077",2004,47113,15.7,38351
"62102",2004,47115,15,34289
"62127",2004,47117,12.4,38670
"62152",2004,47119,12.6,43116
"62177",2004,47121,17.5,32679
"62202",2004,47123,16.2,34243
"62227",2004,47125,11.6,42959
"62252",2004,47127,10.6,42722
"62277",2004,47129,18.7,30387
"62302",2004,47131,14.5,34747
"62327",2004,47133,16.7,30081
"62352",2004,47135,15.7,29752
"62377",2004,47137,17.1,27101
"62402",2004,47139,15.1,32438
"62427",2004,47141,15.2,33355
"62452",2004,47143,16.2,33818
"62477",2004,47145,14.7,38172
"62502",2004,47147,10.7,46379
"62527",2004,47149,10,49915
"62552",2004,47151,21.1,26868
"62577",2004,47153,15.7,34498
"62602",2004,47155,13.4,37105
"62627",2004,47157,19.1,39128
"62652",2004,47159,13,37872
"62677",2004,47161,13.7,35923
"62702",2004,47163,14,36562
"62727",2004,47165,9.6,48527
"62752",2004,47167,12.9,44137
"62777",2004,47169,14.5,33973
"62802",2004,47171,14.8,33704
"62827",2004,47173,18.7,29287
"62852",2004,47175,16.5,31469
"62877",2004,47177,16.6,33032
"62902",2004,47179,14.9,36373
"62927",2004,47181,18.9,28763
"62952",2004,47183,16.6,31780
"62977",2004,47185,16.2,31551
"63002",2004,47187,5.4,79692
"63027",2004,47189,8.5,54692
"63052",2004,48001,21,31884
"63077",2004,48003,14.8,40493
"63102",2004,48005,17.3,35749
"63127",2004,48007,18.9,31869
"63152",2004,48009,9.7,43330
"63177",2004,48011,9.7,40857
"63202",2004,48013,18.9,34699
"63227",2004,48015,11.2,42898
"63252",2004,48017,17.6,28841
"63277",2004,48019,12.3,40522
"63302",2004,48021,12.7,44223
"63327",2004,48023,17.2,26873
"63352",2004,48025,24.9,28392
"63377",2004,48027,13.2,38253
"63402",2004,48029,17.3,38832
"63427",2004,48031,10.3,43264
"63452",2004,48033,6.3,37739
"63477",2004,48035,13.8,35734
"63502",2004,48037,17.4,35157
"63527",2004,48039,10.9,52483
"63552",2004,48041,19,32228
"63577",2004,48043,16.9,30467
"63602",2004,48045,14.6,29635
"63627",2004,48047,28.8,21717
"63652",2004,48049,18,32728
"63677",2004,48051,15.4,35141
"63702",2004,48053,11.8,42297
"63727",2004,48055,14.7,37250
"63752",2004,48057,16.6,35770
"63777",2004,48059,14,34235
"63802",2004,48061,29.4,26719
"63827",2004,48063,17.1,32360
"63852",2004,48065,8.2,38724
"63877",2004,48067,17.3,30984
"63902",2004,48069,19.2,33536
"63927",2004,48071,10.7,54474
"63952",2004,48073,18.2,30223
"63977",2004,48075,22.7,28147
"64002",2004,48077,10.6,39004
"64027",2004,48079,21.9,29658
"64052",2004,48081,13,30092
"64077",2004,48083,20.1,27032
"64102",2004,48085,5.5,75709
"64127",2004,48087,17.5,28352
"64152",2004,48089,14.7,33865
"64177",2004,48091,9.3,50246
"64202",2004,48093,17.7,30495
"64227",2004,48095,19.4,29504
"64252",2004,48097,13.4,41200
"64277",2004,48099,13.7,35110
"64302",2004,48101,18.8,27257
"64327",2004,48103,10.8,38978
"64352",2004,48105,15.9,34351
"64377",2004,48107,23.2,29452
"64402",2004,48109,22,24672
"64427",2004,48111,14,30619
"64452",2004,48113,17,41947
"64477",2004,48115,22.6,27963
"64502",2004,48117,16.5,29045
"64527",2004,48119,15.9,31122
"64552",2004,48121,8,62234
"64577",2004,48123,19.4,30190
"64602",2004,48125,18.9,25292
"64627",2004,48127,28.2,24069
"64652",2004,48129,16.5,29089
"64677",2004,48131,25.3,25983
"64702",2004,48133,18.4,29430
"64727",2004,48135,19.3,34138
"64752",2004,48137,21.9,27521
"64777",2004,48139,10.6,50439
"64802",2004,48141,24.6,32046
"64827",2004,48143,15.3,32270
"64852",2004,48145,21.7,27818
"64877",2004,48147,15.4,35434
"64902",2004,48149,12.3,39583
"64927",2004,48151,13.9,30287
"64952",2004,48153,20.5,28460
"64977",2004,48155,15.8,25190
"65002",2004,48157,8.1,65488
"65027",2004,48159,13.6,35830
"65052",2004,48161,15.2,34982
"65077",2004,48163,28,25082
"65102",2004,48165,18.1,32430
"65127",2004,48167,13.4,45735
"65152",2004,48169,20.5,30678
"65177",2004,48171,10.2,41702
"65202",2004,48173,7.3,41100
"65227",2004,48175,15.3,38038
"65252",2004,48177,18.3,29472
"65277",2004,48179,14.4,34740
"65302",2004,48181,13.6,38752
"65327",2004,48183,16.3,38333
"65352",2004,48185,16.9,33760
"65377",2004,48187,11.4,47662
"65402",2004,48189,19.7,31228
"65427",2004,48191,22.1,24405
"65452",2004,48193,15.3,32697
"65477",2004,48195,13.5,35974
"65502",2004,48197,16.7,29083
"65527",2004,48199,12.7,41677
"65552",2004,48201,16.8,41922
"65577",2004,48203,15.8,35620
"65602",2004,48205,9.1,41555
"65627",2004,48207,20.5,26452
"65652",2004,48209,12.6,47287
"65677",2004,48211,7.7,44236
"65702",2004,48213,16.7,33038
"65727",2004,48215,30.5,26375
"65752",2004,48217,16.2,33280
"65777",2004,48219,17.4,33841
"65802",2004,48221,11.1,47382
"65827",2004,48223,14.5,33267
"65852",2004,48225,21.7,28630
"65877",2004,48227,19.9,31927
"65902",2004,48229,26.6,22177
"65927",2004,48231,15.3,38268
"65952",2004,48233,12.6,40429
"65977",2004,48235,8.3,38819
"66002",2004,48237,11.9,35074
"66027",2004,48239,14.3,35480
"66052",2004,48241,18.7,31674
"66077",2004,48243,11,33755
"66102",2004,48245,18.7,35110
"66127",2004,48247,22,29634
"66152",2004,48249,21.4,32118
"66177",2004,48251,11.6,46330
"66202",2004,48253,20.5,29670
"66227",2004,48255,24.9,27133
"66252",2004,48257,11.5,47575
"66277",2004,48259,8.8,57890
"66302",2004,48261,14.2,26319
"66327",2004,48263,9.5,32660
"66352",2004,48265,13.2,37217
"66377",2004,48267,16.3,30142
"66402",2004,48269,9.1,37725
"66427",2004,48271,18.8,31335
"66452",2004,48273,22.7,31499
"66477",2004,48275,20.6,27370
"66502",2004,48277,17.7,32581
"66527",2004,48279,19.3,29472
"66552",2004,48281,14.1,39041
"66577",2004,48283,26.3,24181
"66602",2004,48285,12.8,33806
"66627",2004,48287,11.7,39196
"66652",2004,48289,13.9,34202
"66677",2004,48291,16,39120
"66702",2004,48293,17.8,30792
"66727",2004,48295,12.3,36222
"66752",2004,48297,18,32367
"66777",2004,48299,12.3,34991
"66802",2004,48301,15,37665
"66827",2004,48303,17.8,33642
"66852",2004,48305,19,30552
"66877",2004,48307,20.2,29400
"66902",2004,48309,18.3,35225
"66927",2004,48311,11.2,35041
"66952",2004,48313,20.2,29613
"66977",2004,48315,21.6,25975
"67002",2004,48317,17.5,35690
"67027",2004,48319,12.3,33929
"67052",2004,48321,18.3,32573
"67077",2004,48323,27.9,24786
"67102",2004,48325,15.9,37657
"67127",2004,48327,21,26609
"67152",2004,48329,14.6,42657
"67177",2004,48331,16.6,33461
"67202",2004,48333,16,30876
"67227",2004,48335,23,26609
"67252",2004,48337,13.6,33981
"67277",2004,48339,10.2,55452
"67302",2004,48341,13.9,34843
"67327",2004,48343,16.4,32269
"67352",2004,48345,14.7,28011
"67377",2004,48347,20.1,29952
"67402",2004,48349,17.1,32262
"67427",2004,48351,21.1,28242
"67452",2004,48353,19.9,28789
"67477",2004,48355,19.4,36262
"67502",2004,48357,12.2,41381
"67527",2004,48359,12.4,34052
"67552",2004,48361,15,38789
"67577",2004,48363,16.1,33068
"67602",2004,48365,14.2,36697
"67627",2004,48367,10.3,49392
"67652",2004,48369,13.4,31657
"67677",2004,48371,20.9,29264
"67702",2004,48373,16.5,36368
"67727",2004,48375,21.2,30294
"67752",2004,48377,26.4,24915
"67777",2004,48379,14.4,34761
"67802",2004,48381,8,47377
"67827",2004,48383,12.9,41157
"67852",2004,48385,20.9,27476
"67877",2004,48387,18.4,27743
"67902",2004,48389,25.9,24421
"67927",2004,48391,14.7,31906
"67952",2004,48393,6.7,49088
"67977",2004,48395,18.8,31960
"68002",2004,48397,6.5,71011
"68027",2004,48399,17.6,29408
"68052",2004,48401,15.2,35343
"68077",2004,48403,16.4,29772
"68102",2004,48405,20.2,27704
"68127",2004,48407,17.9,32732
"68152",2004,48409,18.6,37109
"68177",2004,48411,18.2,30559
"68202",2004,48413,13.4,36345
"68227",2004,48415,17.2,36118
"68252",2004,48417,12.1,36008
"68277",2004,48419,18.3,29802
"68302",2004,48421,12.2,35135
"68327",2004,48423,14.5,39665
"68352",2004,48425,10.2,43536
"68377",2004,48427,34.8,19775
"68402",2004,48429,18.8,30362
"68427",2004,48431,11.2,37919
"68452",2004,48433,15.6,31483
"68477",2004,48435,12.9,44721
"68502",2004,48437,20.1,29755
"68527",2004,48439,12.8,48805
"68552",2004,48441,16.1,34780
"68577",2004,48443,15.1,27870
"68602",2004,48445,21.6,29539
"68627",2004,48447,12.5,29679
"68652",2004,48449,16,34210
"68677",2004,48451,16,35127
"68702",2004,48453,14.3,45288
"68727",2004,48455,18.1,28757
"68752",2004,48457,18.1,30933
"68777",2004,48459,15.7,34690
"68802",2004,48461,15.2,34791
"68827",2004,48463,22.2,28573
"68852",2004,48465,22.1,31202
"68877",2004,48467,13.7,36953
"68902",2004,48469,16.1,38388
"68927",2004,48471,20.9,30807
"68952",2004,48473,17.3,40480
"68977",2004,48475,17.1,33463
"69002",2004,48477,13.6,38087
"69027",2004,48479,26.8,29433
"69052",2004,48481,15.4,34170
"69077",2004,48483,11.9,35775
"69102",2004,48485,15.9,36451
"69127",2004,48487,16,30298
"69152",2004,48489,29.6,24451
"69177",2004,48491,7.1,63748
"69202",2004,48493,11.9,44429
"69227",2004,48495,15.7,35359
"69252",2004,48497,10.5,46223
"69277",2004,48499,14.5,34843
"69302",2004,48501,14.2,38192
"69327",2004,48503,16.8,32808
"69352",2004,48505,27.2,26157
"69377",2004,48507,31.6,19017
"69402",2004,49001,9.9,41205
"69427",2004,49003,8.6,48223
"69452",2004,49005,12.4,43012
"69477",2004,49007,14.5,38269
"69502",2004,49009,6.5,36667
"69527",2004,49011,7.5,58808
"69552",2004,49013,14,39346
"69577",2004,49015,12,43134
"69602",2004,49017,9.8,37454
"69627",2004,49019,14.3,33332
"69652",2004,49021,14.7,37495
"69677",2004,49023,10.6,41862
"69702",2004,49025,9.3,37613
"69727",2004,49027,11.8,40469
"69752",2004,49029,4.6,58865
"69777",2004,49031,13.9,32225
"69802",2004,49033,9,45036
"69827",2004,49035,10.2,50420
"69852",2004,49037,25.5,28751
"69877",2004,49039,13.8,35232
"69902",2004,49041,12.4,39160
"69927",2004,49043,5.3,66822
"69952",2004,49045,8.2,52718
"69977",2004,49047,12.7,42775
"70002",2004,49049,10.7,47544
"70027",2004,49051,6.8,53661
"70052",2004,49053,10.9,42726
"70077",2004,49055,11.1,34129
"70102",2004,49057,10.9,47481
"70127",2004,50001,7.6,46677
"70152",2004,50003,9.4,41411
"70177",2004,50005,11,36986
"70202",2004,50007,7.5,52843
"70227",2004,50009,11.3,32427
"70252",2004,50011,8.8,45145
"70277",2004,50013,7,48907
"70302",2004,50015,8.6,42986
"70327",2004,50017,8.9,43333
"70352",2004,50019,12.2,34962
"70377",2004,50021,9.9,39607
"70402",2004,50023,7.6,45738
"70427",2004,50025,9,41271
"70452",2004,50027,8.1,44440
"70477",2004,51001,14.9,31256
"70502",2004,51003,7.3,55118
"70527",2004,51005,10.8,38489
"70552",2004,51007,9.1,45008
"70577",2004,51009,11.2,38891
"70602",2004,51011,11.8,38080
"70627",2004,51013,7.1,66626
"70652",2004,51015,7.1,47039
"70677",2004,51017,7.3,38145
"70702",2004,51019,7.7,48518
"70727",2004,51021,11.9,34001
"70752",2004,51023,6,53211
"70777",2004,51025,18.1,31224
"70802",2004,51027,21.1,25549
"70827",2004,51029,17.3,31606
"70852",2004,51031,11.1,40058
"70877",2004,51033,9.5,44212
"70902",2004,51035,13.3,32812
"70927",2004,51036,9.9,44887
"70952",2004,51037,15.2,30698
"70977",2004,51041,6.5,63931
"71002",2004,51043,6.1,56839
"71027",2004,51045,9.1,39826
"71052",2004,51047,8.8,52707
"71077",2004,51049,13.9,34492
"71102",2004,51051,18.3,26490
"71127",2004,51053,10.1,44269
"71152",2004,51057,11.7,38770
"71177",2004,51059,5.3,83890
"71202",2004,51061,5.8,70652
"71227",2004,51063,10.9,36400
"71252",2004,51065,6.2,53062
"71277",2004,51067,10.9,40756
"71302",2004,51069,5.8,55084
"71327",2004,51071,10.3,37241
"71352",2004,51073,8.7,48760
"71377",2004,51075,6.9,64369
"71402",2004,51077,14.3,30260
"71427",2004,51079,7.8,51221
"71452",2004,51081,16.5,30676
"71477",2004,51083,16,31030
"71502",2004,51085,5.1,67979
"71527",2004,51087,7.8,53009
"71552",2004,51089,13.4,32044
"71577",2004,51091,10.8,32852
"71602",2004,51093,9.2,51424
"71627",2004,51095,6.6,66180
"71652",2004,51097,11.2,37738
"71677",2004,51099,6.6,61066
"71702",2004,51101,6.8,55004
"71727",2004,51103,12.3,38464
"71752",2004,51105,21.1,26106
"71777",2004,51107,3.4,94225
"71802",2004,51109,9.7,44726
"71827",2004,51111,17.1,29724
"71852",2004,51113,9.1,42948
"71877",2004,51115,8.3,48088
"71902",2004,51117,14.8,31789
"71927",2004,51119,11.6,40607
"71952",2004,51121,14.9,35319
"71977",2004,51125,10.4,40000
"72002",2004,51127,5.5,61001
"72027",2004,51131,17.6,31847
"72052",2004,51133,11.8,40139
"72077",2004,51135,16.8,32179
"72102",2004,51137,8,49082
"72127",2004,51139,11.6,35720
"72152",2004,51141,14,30605
"72177",2004,51143,12.1,37328
"72202",2004,51145,5.7,60864
"72227",2004,51147,18.7,30719
"72252",2004,51149,8.6,50649
"72277",2004,51153,5.6,75302
"72302",2004,51155,13.1,36409
"72327",2004,51157,6.6,53062
"72352",2004,51159,15.8,34347
"72377",2004,51161,6.6,52577
"72402",2004,51163,9.3,40081
"72427",2004,51165,8.5,45238
"72452",2004,51167,16.5,29645
"72477",2004,51169,14.9,31450
"72502",2004,51171,8.6,43893
"72527",2004,51173,14,32659
"72552",2004,51175,13.5,36487
"72577",2004,51177,5.7,67722
"72602",2004,51179,4.9,78498
"72627",2004,51181,10.7,39489
"72652",2004,51183,17.7,30721
"72677",2004,51185,15.7,30576
"72702",2004,51187,8.9,49193
"72727",2004,51191,12.3,36725
"72752",2004,51193,13.3,37866
"72777",2004,51195,19.2,30203
"72802",2004,51197,11.9,35121
"72827",2004,51199,4.8,68310
"72852",2004,51510,8.3,60715
"72873",2004,51515,15.1,31754
"72898",2004,51520,16.8,29816
"72923",2004,51530,11.4,34982
"72948",2004,51540,17.2,31246
"72973",2004,51550,8.7,56174
"73005",2004,51570,7.3,46164
"73030",2004,51580,12.9,32622
"73055",2004,51590,19.4,27904
"73080",2004,51595,16.5,30418
"73105",2004,51600,5,69704
"73130",2004,51610,2.6,82906
"73155",2004,51620,16.6,33291
"73180",2004,51630,14.4,37406
"73205",2004,51640,17,30136
"73230",2004,51650,12.5,40936
"73255",2004,51660,17.9,31565
"73280",2004,51670,15.5,34422
"73305",2004,51678,15.8,33190
"73330",2004,51680,17.8,32997
"73355",2004,51683,7.5,62753
"73380",2004,51685,6,64753
"73405",2004,51690,18.5,28270
"73430",2004,51700,13.4,39574
"73455",2004,51710,18.8,33777
"73480",2004,51720,18,28144
"73505",2004,51730,18.3,29419
"73530",2004,51735,4.6,70476
"73555",2004,51740,15.9,35782
"73580",2004,51750,19.1,27585
"73605",2004,51760,19.8,32547
"73630",2004,51770,16.3,32807
"73655",2004,51775,7.9,41517
"73682",2004,51790,12.5,35417
"73707",2004,51800,10.8,49038
"73732",2004,51810,7.8,51643
"73757",2004,51820,12.7,35455
"73782",2004,51830,17.3,35559
"73807",2004,51840,11.5,39142
"73832",2004,53001,16,36220
"73857",2004,53003,15.4,35672
"73882",2004,53005,10.7,52922
"73907",2004,53007,13,39942
"73932",2004,53009,12.3,40391
"73957",2004,53011,11.2,52120
"73982",2004,53013,12,35897
"74007",2004,53015,14.3,41893
"74032",2004,53017,12.1,41360
"74057",2004,53019,17.8,30711
"74082",2004,53021,15.2,42029
"74107",2004,53023,12.3,36420
"74132",2004,53025,16.2,37580
"74157",2004,53027,15.8,36785
"74182",2004,53029,8.3,47345
"74207",2004,53031,10.9,42965
"74232",2004,53033,10,55969
"74257",2004,53035,9.3,52503
"74282",2004,53037,14.4,35891
"74307",2004,53039,15.1,37416
"74332",2004,53041,14.6,38350
"74357",2004,53043,11.8,38695
"74382",2004,53045,12.2,43368
"74407",2004,53047,18.8,31739
"74432",2004,53049,14.5,33085
"74457",2004,53051,15.9,35019
"74482",2004,53053,11.8,49790
"74507",2004,53055,8.4,45461
"74532",2004,53057,12.2,45192
"74557",2004,53059,11.5,42771
"74582",2004,53061,9.5,54584
"74607",2004,53063,13.3,40526
"74632",2004,53065,15.1,37354
"74657",2004,53067,9.4,52078
"74682",2004,53069,9.8,41344
"74707",2004,53071,14.7,38419
"74732",2004,53073,13.2,44034
"74757",2004,53075,16.6,32001
"74782",2004,53077,18.6,35787
"74807",2004,54001,19,28331
"74832",2004,54003,11.2,45390
"74857",2004,54005,18.2,29777
"74882",2004,54007,20.1,28171
"74907",2004,54009,12,35684
"74932",2004,54011,18.4,31535
"74957",2004,54013,21.6,24620
"74982",2004,54015,22.4,25721
"75007",2004,54017,17.6,29544
"75032",2004,54019,20.5,27489
"75057",2004,54021,19.7,26557
"75082",2004,54023,14.1,32346
"75107",2004,54025,15.8,30694
"75132",2004,54027,14,36008
"75157",2004,54029,11.2,37270
"75182",2004,54031,12.5,35361
"75207",2004,54033,16.5,33658
"75232",2004,54035,15,35442
"75257",2004,54037,9,51930
"75282",2004,54039,14.5,38012
"75307",2004,54041,16.5,30942
"75332",2004,54043,21.8,27074
"75357",2004,54045,20.4,28208
"75382",2004,54047,33,19090
"75407",2004,54049,15.8,32816
"75432",2004,54051,14.9,34264
"75457",2004,54053,17.3,30547
"75482",2004,54055,18.9,28965
"75507",2004,54057,14,35537
"75532",2004,54059,25.4,24555
"75557",2004,54061,15.7,34342
"75582",2004,54063,14.3,31069
"75607",2004,54065,10.6,39804
"75632",2004,54067,18.2,29323
"75657",2004,54069,14.9,33956
"75682",2004,54071,12.1,32779
"75707",2004,54073,12.3,37859
"75732",2004,54075,15.8,28733
"75757",2004,54077,15.8,32343
"75782",2004,54079,9.9,47221
"75807",2004,54081,17.8,31793
"75832",2004,54083,17.2,30901
"75857",2004,54085,15.5,31510
"75882",2004,54087,19.4,27743
"75907",2004,54089,22.8,24114
"75932",2004,54091,16.7,31262
"75957",2004,54093,14.5,31209
"75982",2004,54095,15.7,32738
"76007",2004,54097,18.6,30512
"76032",2004,54099,17.4,31012
"76057",2004,54101,23.7,24642
"76082",2004,54103,16.6,33491
"76107",2004,54105,17.1,32049
"76132",2004,54107,13.8,36462
"76157",2004,54109,22.3,26595
"76182",2004,55001,13.3,35681
"76207",2004,55003,14.4,34475
"76232",2004,55005,11.1,39789
"76257",2004,55007,10.9,37899
"76282",2004,55009,10,50484
"76307",2004,55011,9.3,42126
"76332",2004,55013,11,38113
"76357",2004,55015,5.7,60404
"76382",2004,55017,11,43591
"76407",2004,55019,11.1,38581
"76432",2004,55021,7.2,50519
"76457",2004,55023,11.6,36196
"76482",2004,55025,9.8,53945
"76507",2004,55027,8.1,48558
"76532",2004,55029,8.1,43457
"76557",2004,55031,13.6,38694
"76582",2004,55033,11.4,41615
"76607",2004,55035,11.7,41509
"76632",2004,55037,9.9,38316
"76657",2004,55039,8.2,49451
"76682",2004,55041,12.3,34637
"76707",2004,55043,11,39751
"76732",2004,55045,8.2,47636
"76757",2004,55047,8.7,42511
"76782",2004,55049,8.1,47761
"76807",2004,55051,11.4,33236
"76832",2004,55053,11.3,39650
"76857",2004,55055,7.6,50118
"76882",2004,55057,11.6,37287
"76907",2004,55059,10.9,50113
"76932",2004,55061,7.2,47708
"76957",2004,55063,11.9,42202
"76982",2004,55065,9.9,41162
"77007",2004,55067,12.1,36710
"77032",2004,55069,8.8,43234
"77057",2004,55071,8.1,47081
"77082",2004,55073,8.8,50136
"77107",2004,55075,10.5,39569
"77132",2004,55077,10.1,39862
"77157",2004,55078,22.8,29296
"77182",2004,55079,20.2,39481
"77207",2004,55081,11.7,41669
"77232",2004,55083,8.6,45592
"77257",2004,55085,9.6,42833
"77282",2004,55087,7,54743
"77307",2004,55089,4.5,69174
"77332",2004,55091,9.4,42562
"77357",2004,55093,7.3,53911
"77382",2004,55095,8.4,46535
"77407",2004,55097,10.3,46803
"77432",2004,55099,10.6,39348
"77457",2004,55101,11.3,50573
"77482",2004,55103,11.3,38823
"77507",2004,55105,9.9,45692
"77532",2004,55107,12.9,34468
"77557",2004,55109,5.1,64084
"77582",2004,55111,8.4,46556
"77607",2004,55113,12.9,36521
"77632",2004,55115,9.6,41520
"77657",2004,55117,7.9,51189
"77682",2004,55119,9.9,41425
"77707",2004,55121,9.4,42203
"77732",2004,55123,12.4,37587
"77757",2004,55125,9.2,37152
"77782",2004,55127,9.5,48342
"77807",2004,55129,11.4,37145
"77832",2004,55131,5.6,62271
"77857",2004,55133,4.8,69154
"77882",2004,55135,8.7,45046
"77907",2004,55137,11.4,39144
"77932",2004,55139,9.1,48130
"77957",2004,55141,9.5,45867
"77982",2004,56001,14.7,34627
"78007",2004,56003,12,36930
"78032",2004,56005,7.9,60800
"78057",2004,56007,11.8,40750
"78082",2004,56009,9.8,46883
"78107",2004,56011,7.9,43880
"78132",2004,56013,12.9,36416
"78157",2004,56015,13.9,34365
"78182",2004,56017,10.5,34477
"78207",2004,56019,8.7,42252
"78232",2004,56021,10.1,45684
"78257",2004,56023,8.3,48470
"78282",2004,56025,11.1,42926
"78307",2004,56027,12.9,34253
"78332",2004,56029,10.4,39869
"78357",2004,56031,11.3,38340
"78382",2004,56033,11,40195
"78407",2004,56035,6.9,53450
"78432",2004,56037,8.1,54700
"78457",2004,56039,4.9,59568
"78482",2004,56041,9.8,50184
"78507",2004,56043,10.8,41900
"78532",2004,56045,9.8,40762
