"","region","avgLength"
"1","010001",1631.27272727273
"2","010003",1582.90909090909
"3","010005",1741.85714285714
"4","01001",2167.90909090909
"5","01003",2285
"6","01005",2480.33333333333
"7","01007",1994.81818181818
"8","01009",2473.83333333333
"9","01011",2146.81818181818
"10","01013",2437.66666666667
"11","01015",2813.15384615385
"12","01017",2354.4
"13","01019",2599.33333333333
"14","01021",2385.38461538462
"15","01023",2002.75
"16","01025",2258
"17","01027",2635.75
"18","01029",2375.18181818182
"19","01031",2494.5
"20","01033",2465.54545454545
"21","01035",2500.8
"22","01037",2118.36363636364
"23","01039",2558.75
"24","01041",2389
"25","01043",2928.11764705882
"26","01045",2508.29411764706
"27","01047",2232.83333333333
"28","01049",2843.66666666667
"29","01051",2072.8
"30","01053",2422.2
"31","01055",2584.26666666667
"32","01057",2038.81818181818
"33","01059",2201.72727272727
"34","01061",2519.75
"35","01063",1905.6
"36","01065",1905.6
"37","01067",2470.125
"38","01069",2425.21428571429
"39","01071",2574.875
"40","01073",2361.7619047619
"41","01075",2242.90909090909
"42","01077",2465.54545454545
"43","01079",2548.92307692308
"44","01081",2029.44444444444
"45","01083",2493.75
"46","01085",2212.63636363636
"47","01087",2259.53846153846
"48","01089",2587.58333333333
"49","01091",1795.55555555556
"50","01093",2644.23076923077
"51","01095",2864.4375
"52","01097",2285
"53","01099",2120.83333333333
"54","011001",1698.53333333333
"55","01101",2173.58333333333
"56","01103",2604.5
"57","01105",1482.33333333333
"58","01107",1752.375
"59","01109",2172.45454545455
"60","01111",2771.92307692308
"61","01113",2749.61538461538
"62","01115",2506.33333333333
"63","01117",2092
"64","01119",1715.6
"65","01121",2255.15384615385
"66","01123",2354.4
"67","01125",2235.4
"68","01127",2257.08333333333
"69","01129",1969.92857142857
"70","01131",1887.3
"71","01133",2614.07692307692
"72","012001",2591
"73","012003",2868.75
"74","012005",3316.625
"75","012007",2438.55555555556
"76","012009",3099.76470588235
"77","012011",3848.70588235294
"78","012013",3472.66666666667
"79","012015",3168.14285714286
"80","012017",3332.8
"81","012019",2794.09090909091
"82","012021",3491.80952380952
"83","012023",2915
"84","012025",3906.64285714286
"85","012027",3173.14285714286
"86","012029",3077.81818181818
"87","012031",3352.23076923077
"88","012033",3388.66666666667
"89","012035",3679
"90","012037",3588.30769230769
"91","012039",3414.45454545455
"92","012041",2742.44444444444
"93","012043",3242
"94","012045",3340.33333333333
"95","012047",2677.9
"96","012049",3090
"97","012051",2876.07692307692
"98","012053",3382.09090909091
"99","012055",3309.46666666667
"100","012057",3070.4
"101","012059",3309
"102","012061",3049.84615384615
"103","012063",3343.36363636364
"104","012065",3238.14285714286
"105","012067",2983.25
"106","012069",3067.5
"107","012071",2771.38461538462
"108","012073",2925.875
"109","012075",2970.81818181818
"110","012077",3229.5
"111","012079",2688.8
"112","012081",3293.9375
"113","012083",2697.2
"114","012085",3118.41176470588
"115","012086",2365.25
"116","012087",3663.84210526316
"117","012089",3352.23076923077
"118","012091",3673.83333333333
"119","012093",2942.5
"120","012095",2938.76923076923
"121","012097",2865.41666666667
"122","012099",3372.71428571429
"123","012101",3420.75
"124","012103",3070.4
"125","012105",3031.5
"126","012107",3088.45454545455
"127","012109",3839.875
"128","012111",3234.76923076923
"129","012113",3622.27272727273
"130","012115",3251.70588235294
"131","012117",3072.36363636364
"132","012119",3166.375
"133","012121",3078.90909090909
"134","012123",3252.9
"135","012125",2395.18181818182
"136","012127",3486.75
"137","012129",3048.90909090909
"138","012131",3124.28571428571
"139","012133",3133.64285714286
"140","013001",3372
"141","013003",3118
"142","013005",3372
"143","013007",4300.5
"144","013009",2862.4
"145","013011",3454.85714285714
"146","013013",3512.42857142857
"147","013015",3567.09090909091
"148","013017",3720
"149","013019",3840.83333333333
"150","013021",3734.44444444444
"151","013023",3194.66666666667
"152","013025",2865.25
"153","013027",3897.14285714286
"154","013029",3327.875
"155","013031",2729.42857142857
"156","013033",2703.57142857143
"157","013035",4054.11111111111
"158","013037",4289.2
"159","013039",3469.14285714286
"160","013043",2789.75
"161","013045",3945.91666666667
"162","013047",3350
"163","013049",2763.22222222222
"164","013051",3534.57142857143
"165","013053",2355
"166","013055",3375.71428571429
"167","013057",3584.45454545455
"168","013059",2918.5
"169","013061",4230
"170","013063",3708.5
"171","013065",3445.57142857143
"172","013067",3796.81818181818
"173","013069",3187.25
"174","013071",4126.42857142857
"175","013073",2946.8
"176","013075",3720
"177","013077",3105.5
"178","013079",3656.625
"179","013081",4289.2
"180","013083",3378
"181","013085",3687.25
"182","013087",4533
"183","013089",3681.11111111111
"184","013091",4194.33333333333
"185","013093",4056.28571428571
"186","013095",3969.83333333333
"187","013097",3607
"188","013099",4309.66666666667
"189","013101",3087.8
"190","013103",3089.66666666667
"191","013105",3594.42857142857
"192","013107",3043.11111111111
"193","013109",3193.16666666667
"194","013111",3567.625
"195","013113",3240.5
"196","013115",3554.18181818182
"197","013117",3687.25
"198","013119",3384.16666666667
"199","013121",4004.81818181818
"200","013123",3567.625
"201","013125",1759.33333333333
"202","013127",3610.25
"203","013129",3539.33333333333
"204","013131",4126.42857142857
"205","013133",3264.42857142857
"206","013135",3512.42857142857
"207","013137",3601.8
"208","013139",3635.75
"209","013141",2533.5
"210","013143",3512.42857142857
"211","013145",3660.42857142857
"212","013147",3375
"213","013149",3460.88888888889
"214","013151",3953.875
"215","013153",3676.28571428571
"216","013155",3720
"217","013157",3078.8
"218","013159",3715.14285714286
"219","013161",3372
"220","013163",3126.42857142857
"221","013165",2687.42857142857
"222","013167",3444.25
"223","013169",3977.625
"224","013171",3915
"225","013173",3840.83333333333
"226","013175",3391.5
"227","013177",4189.4
"228","013179",3417.83333333333
"229","013181",2800.6
"230","013183",2888.83333333333
"231","013185",3840.83333333333
"232","013187",3584.45454545455
"233","013189",2628
"234","013191",3304.66666666667
"235","013193",4300.5
"236","013195",2547.25
"237","013197",3908.25
"238","013199",3436.125
"239","013201",4300.2
"240","013205",4528
"241","013207",3891.63636363636
"242","013209",4194.33333333333
"243","013211",2047
"244","013213",3269.75
"245","013215",3652
"246","013217",3837.88888888889
"247","013219",3078.8
"248","013221",3648
"249","013223",3512.42857142857
"250","013225",3669
"251","013227",3601.8
"252","013229",3048.33333333333
"253","013231",4148
"254","013233",3141.66666666667
"255","013235",4300.5
"256","013237",2709
"257","013239",4093.8
"258","013241",3715.81818181818
"259","013243",4093.8
"260","013245",2946.8
"261","013247",3894.125
"262","013249",4033
"263","013251",2716.14285714286
"264","013253",4147.5
"265","013255",3861
"266","013257",3384.16666666667
"267","013259",4137.66666666667
"268","013261",4289.2
"269","013263",4136.625
"270","013265",3323.5
"271","013267",3193.16666666667
"272","013269",4033
"273","013271",4194.33333333333
"274","013273",4147.5
"275","013275",3897.14285714286
"276","013277",4126.42857142857
"277","013279",3675
"278","013281",3300.28571428571
"279","013283",2789.42857142857
"280","013285",3105.5
"281","013287",4186
"282","013289",3647.57142857143
"283","013291",3761.66666666667
"284","013293",3897.54545454545
"285","013295",3546.4
"286","013297",3315.5
"287","013299",2918.7
"288","013301",1759.33333333333
"289","013303",2770.8
"290","013305",3193.16666666667
"291","013307",4300.5
"292","013309",4289.2
"293","013311",3601.8
"294","013313",2977.71428571429
"295","013315",4300.5
"296","013317",3550.28571428571
"297","013319",3161.16666666667
"298","013321",4280.16666666667
"299","01430",172
"300","015001",2236.6
"301","015003",3094.125
"302","015005",6613
"303","015007",5281
"304","015009",2290.66666666667
"305","015340",6613
"306","016001",1189.5
"307","016003",2075.66666666667
"308","016005",1189.5
"309","016007",1183
"310","016009",2322.25
"311","016011",1511.33333333333
"312","016013",1144
"313","016015",1593.25
"314","016017",2274.4
"315","016019",1669
"316","016021",2322.25
"317","016023",1669
"318","016025",2088.5
"319","016027",1183
"320","016029",1183
"321","016031",1183
"322","016033",1183
"323","016035",2082.6
"324","016037",1511.33333333333
"325","016039",1431.6
"326","016041",1183
"327","016043",1669
"328","016045",2075.66666666667
"329","016047",1183
"330","016049",1912.28571428571
"331","016051",1669
"332","016053",1189.5
"333","016055",2322.25
"334","016057",2378
"335","016059",1189.5
"336","016061",1846.5
"337","016063",1189.5
"338","016065",1669
"339","016067",1183
"340","016069",2259.6
"341","016071",1183
"342","016073",2137.33333333333
"343","016075",2075.66666666667
"344","016077",1189.5
"345","016079",2274.4
"346","016081",1183
"347","016083",1183
"348","016085",1436.14285714286
"349","016087",2075.66666666667
"350","016340",2082
"351","016450",1196
"352","017001",3847
"353","017003",3868.875
"354","017005",3254.33333333333
"355","017007",3160.2
"356","017009",4023.5
"357","017011",3731.83333333333
"358","017013",4218.4
"359","017015",3192.75
"360","017017",4465.22222222222
"361","017019",3554.875
"362","017021",3826.25
"363","017023",3476.66666666667
"364","017025",3244
"365","017027",3244
"366","017029",3476.66666666667
"367","017031",4285.5
"368","017033",3769.5
"369","017035",3769.5
"370","017037",2989
"371","017039",4023
"372","017041",3709
"373","017043",4145
"374","017045",3388
"375","017047",3273
"376","017049",3712
"377","017051",2901
"378","017053",3979.2
"379","017055",3226.8
"380","017057",4035.5
"381","017059",3215.57142857143
"382","017061",4088.3
"383","017063",3651.57142857143
"384","017065",3436.71428571429
"385","017067",3847
"386","017069",2963.4
"387","017071",4370.5
"388","017073",3962.14285714286
"389","017075",3865.85714285714
"390","017077",3899.71428571429
"391","017079",3563
"392","017081",3244
"393","017083",4136.85714285714
"394","017085",3355.5
"395","017087",2789.5
"396","017089",3799.57142857143
"397","017091",3909.75
"398","017093",3587.57142857143
"399","017095",3763.6
"400","017097",3684.75
"401","017099",3432.8
"402","017101",3406.4
"403","017103",1924.5
"404","017105",3764.4
"405","017107",3666.2
"406","017109",3520
"407","017111",3557.16666666667
"408","017113",3804.2
"409","017115",3602.8
"410","017117",3390
"411","017119",4216.71428571429
"412","017121",3414
"413","017123",3718.8
"414","017125",3953.625
"415","017127",3240.625
"416","017129",3860.28571428571
"417","017131",4295.8
"418","017133",4200.75
"419","017135",3390
"420","017137",4370
"421","017139",3788
"422","017141",3350.83333333333
"423","017143",3586.4
"424","017145",3712
"425","017147",3752.66666666667
"426","017149",3856.33333333333
"427","017151",3240.625
"428","017153",3837.42857142857
"429","017155",3101.5
"430","017157",3952
"431","017159",3509.8
"432","017161",3984.25
"433","017163",4200.75
"434","017165",3141.66666666667
"435","017167",3866.85714285714
"436","017169",4382.42857142857
"437","017171",3941.11111111111
"438","017173",3952.8
"439","017175",3533.75
"440","017177",3029
"441","017179",3087.66666666667
"442","017181",3525.125
"443","017183",3675.71428571429
"444","017185",3264.85714285714
"445","017187",4326.75
"446","017189",2776.33333333333
"447","017191",3250.4
"448","017193",3502.16666666667
"449","017195",3984.25
"450","017197",3494.77777777778
"451","017199",3226.8
"452","017201",3600.22222222222
"453","017203",3271.33333333333
"454","018",3245
"455","018001",2291.33333333333
"456","018003",2321.6
"457","018005",2380.33333333333
"458","018007",2375.41666666667
"459","018009",2446.27272727273
"460","018011",2476.8
"461","018013",2828.4
"462","018015",2487.18181818182
"463","018017",2329.11111111111
"464","018019",2932.18181818182
"465","018021",2507.81818181818
"466","018023",2409.33333333333
"467","018025",2855.58333333333
"468","018027",2895
"469","018029",2976
"470","018031",2608.125
"471","018033",2414.27272727273
"472","018035",2551.61538461538
"473","018037",2852.7
"474","018039",1985
"475","018041",2484.7
"476","018043",2871.11111111111
"477","018045",2387.57142857143
"478","018047",2865
"479","018049",2321.6
"480","018051",2851.61538461538
"481","018053",2582.5
"482","018055",2807.15384615385
"483","018057",2548.38461538462
"484","018059",2490.33333333333
"485","018061",2935.72727272727
"486","018063",2142.875
"487","018065",2490.33333333333
"488","018067",2354.4
"489","018069",2239.55555555556
"490","018071",2819.44444444444
"491","018073",2546.69230769231
"492","018075",2276.6
"493","018077",3001
"494","018079",2770.75
"495","018081",2433.4
"496","018083",2816.63636363636
"497","018085",2321.6
"498","018087",1122.5
"499","018089",2502.13333333333
"500","018091",2362.72727272727
"501","018093",2811.41666666667
"502","018095",2516.92857142857
"503","018097",2482.53846153846
"504","018099",2119.375
"505","018101",3103.6
"506","018103",2439.18181818182
"507","018105",2489.66666666667
"508","018107",2704.35714285714
"509","018109",2510.45454545455
"510","018111",2503.91666666667
"511","018113",2409.36363636364
"512","018115",2912.8
"513","018117",2781.18181818182
"514","018119",2670.91666666667
"515","018121",2384.54545454545
"516","018123",2961.5
"517","018125",2851.61538461538
"518","018127",2339.5
"519","018129",2962.81818181818
"520","018131",2238.1
"521","018133",2572.92307692308
"522","018135",2446.27272727273
"523","018137",3048.71428571429
"524","018139",2300.44444444444
"525","018141",2270.3
"526","018143",2858
"527","018145",2343.22222222222
"528","018147",2658
"529","018149",2004.375
"530","018151",1861.16666666667
"531","018153",2604.6
"532","018155",2951.36363636364
"533","018157",2630.77777777778
"534","018159",2482.5
"535","018161",2769.72727272727
"536","018163",2991.66666666667
"537","018165",2721.33333333333
"538","018167",2416.77777777778
"539","018169",1999.71428571429
"540","018171",2603.5
"541","018173",2855.09090909091
"542","018175",2871.5
"543","018177",2406.11111111111
"544","018179",2386.44444444444
"545","018181",2402.2
"546","018183",2321.9
"547","019001",2770.1
"548","019003",3186.44444444444
"549","019005",2409.125
"550","019007",2462.88888888889
"551","019009",2875.61538461538
"552","019011",2533.8
"553","019013",3274
"554","019015",3185.18181818182
"555","019017",3355.875
"556","019019",2812.57142857143
"557","019021",2647.18181818182
"558","019023",3003.75
"559","019025",2974.83333333333
"560","019027",3029.22222222222
"561","019029",2925.45454545455
"562","019031",2808.63636363636
"563","019033",3515.28571428571
"564","019035",2644.54545454545
"565","019037",3177.4
"566","019039",3102.33333333333
"567","019041",2583.81818181818
"568","019043",2880
"569","019045",2826.41666666667
"570","019047",2812.75
"571","019049",3242.33333333333
"572","019051",2462.88888888889
"573","019053",2791
"574","019055",2410.44444444444
"575","019057",2826.76923076923
"576","019059",2624.25
"577","019061",2435.5
"578","019063",3028.33333333333
"579","019065",3018.33333333333
"580","019067",2996
"581","019069",3141
"582","019071",3033
"583","019073",3178.54545454545
"584","019075",2415.125
"585","019077",2757.88888888889
"586","019079",3473.3
"587","019080",3112
"588","019081",3227
"589","019083",3170.8
"590","019085",2687.9
"591","019087",2522.6
"592","019089",2838.9
"593","019091",2726.7
"594","019093",2648.41666666667
"595","019095",2663.69230769231
"596","019097",2434.625
"597","019099",2834.66666666667
"598","019101",2515.83333333333
"599","019103",3029.15384615385
"600","019105",2851.53846153846
"601","019107",2777.4
"602","019109",3298.66666666667
"603","019111",2465.72727272727
"604","019113",3101.38461538462
"605","019115",2922.72727272727
"606","019117",2732.44444444444
"607","019119",2431.75
"608","019121",3264.41666666667
"609","019123",2803.18181818182
"610","019125",2788.33333333333
"611","019127",3054.66666666667
"612","019129",3056.44444444444
"613","019131",3228
"614","019133",2696.90909090909
"615","019135",2919.33333333333
"616","019137",2965.09090909091
"617","019139",2920.45454545455
"618","019141",2558.71428571429
"619","019143",2895
"620","019145",2842.5
"621","019147",2603.58333333333
"622","019149",2951.25
"623","019151",2701.66666666667
"624","019153",2962.125
"625","019155",2765
"626","019157",2548
"627","019159",2960.36363636364
"628","019161",2642.76923076923
"629","019163",3005.25
"630","019165",2942.30769230769
"631","019167",2313
"632","019169",3096.30769230769
"633","019171",3197.4
"634","019173",2967.44444444444
"635","019175",2964.38461538462
"636","019177",2446.71428571429
"637","019179",2657.83333333333
"638","019181",2800.77777777778
"639","019183",2985.55555555556
"640","019185",2740.875
"641","019187",3002.83333333333
"642","019189",2732.25
"643","019191",2704.33333333333
"644","019193",3221.125
"645","019195",3237.375
"646","019197",2719.44444444444
"647","019430",3112
"648","020001",2108
"649","020003",2132.6
"650","020005",2202.8
"651","020007",1908.45454545455
"652","020009",2345.58333333333
"653","020011",2112.4
"654","020013",2448.11111111111
"655","020015",2288.1875
"656","020017",2421.33333333333
"657","020019",2026.14285714286
"658","020021",2485.26666666667
"659","020023",2041.83333333333
"660","020025",2121.625
"661","020027",2379
"662","020029",2378.875
"663","020031",2198.2
"664","020033",2158.91666666667
"665","020035",2256.5
"666","020037",2487.71428571429
"667","020039",2125.625
"668","020041",2227.22222222222
"669","020043",2187.22222222222
"670","020045",2628.91666666667
"671","020047",2413.63636363636
"672","020049",2085.90909090909
"673","020051",2435.22222222222
"674","020053",2380
"675","020055",1906.5
"676","020057",2044.8
"677","020059",2254.66666666667
"678","020061",2353.14285714286
"679","020063",2045.5
"680","020065",2514.33333333333
"681","020067",1842
"682","020069",1812.33333333333
"683","020071",1812.33333333333
"684","020073",2202.08333333333
"685","020075",1933.2
"686","020077",2185
"687","020079",2317.78571428571
"688","020081",1847
"689","020083",2344.22222222222
"690","020085",2506.81818181818
"691","020087",2597.8
"692","020089",2526.9
"693","020091",2805.66666666667
"694","020093",1842
"695","020095",2087.63636363636
"696","020097",2274.3
"697","020099",2335.2
"698","020101",2436
"699","020103",2509.85714285714
"700","020105",2478.5
"701","020107",2112.4
"702","020109",2098.16666666667
"703","020111",2493.73333333333
"704","020113",2249.5
"705","020115",2348.38461538462
"706","020117",2390
"707","020119",2000.83333333333
"708","020121",2240.375
"709","020123",2410.75
"710","020125",2027.25
"711","020127",2337.58333333333
"712","020129",1957.5
"713","02013",3721
"714","020131",2481.83333333333
"715","020133",2393.3
"716","020135",2283.88888888889
"717","020137",2085.28571428571
"718","020139",2454
"719","020141",2452.09090909091
"720","020143",2386.71428571429
"721","020145",2369.61538461538
"722","020147",2188.45454545455
"723","020149",2453.33333333333
"724","020151",2077.5
"725","020153",1985.4
"726","020155",2302.41666666667
"727","020157",2323.3
"728","020159",2236
"729","020161",2439.33333333333
"730","020163",2400
"731","020165",2398.81818181818
"732","020167",2417.66666666667
"733","020169",2545.875
"734","020171",1812.33333333333
"735","020173",2579.63636363636
"736","020175",2249.375
"737","020177",2556
"738","020179",2444.66666666667
"739","020181",1981.4
"740","020183",2452.09090909091
"741","020185",2417.2
"742","020187",1952.2
"743","020189",1556.4
"744","020191",2476.23076923077
"745","020193",2466.42857142857
"746","020195",2466.42857142857
"747","020197",2342.46153846154
"748","020199",2100.66666666667
"749","02020",3395.66666666667
"750","020201",2366.45454545455
"751","020203",1812.33333333333
"752","020205",2224.9
"753","020207",2329
"754","020209",2411.57142857143
"755","02035",2891.5
"756","02050",3107.4
"757","02055",1219
"758","02060",3721
"759","02068",3763.66666666667
"760","02070",3251.33333333333
"761","02090",2644.57142857143
"762","02095",2891
"763","021001",3509.5
"764","021003",3054
"765","021005",3807.25
"766","021007",3586.55555555556
"767","021009",3165.75
"768","021011",3744.13333333333
"769","021013",3148.9
"770","021015",3090.6
"771","021017",3591.3
"772","021019",3696.5
"773","021021",3390.6
"774","021023",3369.5
"775","021025",3672
"776","021027",3651.46153846154
"777","021029",3431.66666666667
"778","021031",3635
"779","021033",3523
"780","021035",3203.66666666667
"781","021037",2811
"782","021039",3577.6
"783","021041",3633
"784","021043",3643.2
"785","021045",3741.73333333333
"786","021047",3680
"787","021049",3634.27272727273
"788","021051",3468.61111111111
"789","021053",3370.66666666667
"790","021055",3522.7
"791","021057",3356.5
"792","021059",3409.375
"793","021061",3470.1
"794","021063",3748.46666666667
"795","021065",3611.53846153846
"796","021067",3553.1
"797","021069",3641.33333333333
"798","021071",3426.33333333333
"799","021073",3521.125
"800","021075",3403.75
"801","021077",3090.6
"802","021079",3276.25
"803","021081",3412.5
"804","021083",3487.71428571429
"805","021085",3757.07692307692
"806","021087",3443.3
"807","021089",3642.23076923077
"808","021091",3484.4
"809","021093",3706.91666666667
"810","021095",2951.88888888889
"811","021097",3533
"812","021099",3426.66666666667
"813","021101",3540.66666666667
"814","021103",3551.83333333333
"815","021105",3429.42857142857
"816","021107",3525.46153846154
"817","021109",3326.57142857143
"818","021111",3543.25
"819","021113",3612
"820","021115",3494.4
"821","021117",3090.6
"822","021119",3944.86666666667
"823","021121",3635.94117647059
"824","021123",3648.6
"825","021125",3187.72727272727
"826","021127",3507.47619047619
"827","021129",3761.07692307692
"828","021131",3486.33333333333
"829","021133",4012.4
"830","021135",3647.85714285714
"831","021137",3331.125
"832","021139",3671.18181818182
"833","021141",3314
"834","021143",3135.66666666667
"835","021145",3590.28571428571
"836","021147",3022.66666666667
"837","021149",3591.5
"838","021151",3489.11111111111
"839","021153",3580.85
"840","021155",3170.14285714286
"841","021157",3240.125
"842","021159",3131.73333333333
"843","021161",3451.4
"844","021163",3560.81818181818
"845","021165",3607.63636363636
"846","021167",3609.25
"847","021169",3202.55555555556
"848","021171",3356
"849","021173",3592.08333333333
"850","021175",3662.25
"851","021177",3581.8
"852","021179",3648.6
"853","021181",3684
"854","021183",3574.55555555556
"855","021185",3320.71428571429
"856","021187",3524.57142857143
"857","021189",3825.31578947368
"858","021191",3437.77777777778
"859","021193",3766.65
"860","021195",3468.36842105263
"861","021197",3739.66666666667
"862","021199",3613.375
"863","021201",3369.4
"864","021203",3443.69230769231
"865","021205",3755.4375
"866","021207",3455.125
"867","021209",3208.42857142857
"868","021211",3455.6
"869","021213",3262.4
"870","021215",3497.2
"871","021217",3278.44444444444
"872","021219",3321.83333333333
"873","02122",2753.625
"874","021221",3548.625
"875","021223",3633
"876","021225",3413.66666666667
"877","021227",3165.75
"878","021229",3560.91666666667
"879","021231",3639.125
"880","021233",3522.7
"881","021235",3504.57142857143
"882","021237",3768.09090909091
"883","021239",3491.11111111111
"884","02150",3395.4
"885","02164",3721
"886","02165",2861
"887","02170",3365.71428571429
"888","02180",3142
"889","02185",2307
"890","02188",2489
"891","02200",2318
"892","022001",2763.58333333333
"893","022003",2291.5
"894","022005",3402.92307692308
"895","022007",3850.76923076923
"896","022009",2664.4
"897","022011",2480.5
"898","022013",2537.09090909091
"899","022015",2590.5
"900","022017",2539.09090909091
"901","022019",2280.92307692308
"902","022021",2932
"903","022023",2717.7
"904","022025",2711.7
"905","022027",2881.91666666667
"906","022029",2406
"907","022031",2345.9
"908","022033",2762.92857142857
"909","022035",2298.33333333333
"910","022037",2912.90909090909
"911","022039",3012.11111111111
"912","022041",2391.2
"913","022043",2613.27272727273
"914","022045",3020
"915","022047",2716.61538461538
"916","022049",2475
"917","022051",3469.125
"918","022053",2321.38461538462
"919","022055",3053.8
"920","022057",3503
"921","022059",2839
"922","022061",2346.6
"923","022063",3023.26666666667
"924","022065",2566.71428571429
"925","022067",2098.2
"926","022069",2178.2
"927","022071",3209.36363636364
"928","022073",2657.78571428571
"929","022075",3316.45454545455
"930","022077",2695.41666666667
"931","022079",2376.71428571429
"932","022081",2121.14285714286
"933","022083",2833.22222222222
"934","022085",1873.7
"935","022087",3740.38461538462
"936","022089",3467.6875
"937","022091",3024.2
"938","022093",3555.33333333333
"939","022095",3612
"940","022097",2655.16666666667
"941","022099",2943.125
"942","022101",3130
"943","022103",3516.14285714286
"944","022105",3381.21428571429
"945","022107",2534.16666666667
"946","022109",3374.25
"947","022111",2617.2
"948","022113",2856.46153846154
"949","022115",2053.90909090909
"950","022117",3629.44444444444
"951","022119",2699.64285714286
"952","022121",2662.27272727273
"953","022123",2769.125
"954","022125",2943
"955","022127",2268.44444444444
"956","02240",3015.25
"957","022440",3879
"958","02261",3614
"959","02270",3239.25
"960","02290",3114.5
"961","023001",2254.45454545455
"962","023003",1991.5
"963","023005",2152.6
"964","023007",2426.22727272727
"965","023009",2030.07142857143
"966","023011",2485.8125
"967","023013",2317.5625
"968","023015",2250.17647058824
"969","023017",2350.26923076923
"970","023019",2112.69230769231
"971","023021",2284
"972","023023",2230.18181818182
"973","023025",2249.31578947368
"974","023027",2295.78571428571
"975","023029",2192.5
"976","023031",2126.24
"977","02365",3294
"978","02400",2011
"979","024001",2022.1
"980","024003",2227.61538461538
"981","024005",2025.41666666667
"982","024009",2260.07142857143
"983","024011",2209.92857142857
"984","024013",1862.33333333333
"985","024015",2114.84615384615
"986","024017",2289.625
"987","024019",2158.07692307692
"988","024021",2295.33333333333
"989","024023",2125
"990","024025",1999.25
"991","024027",1995.45454545455
"992","024029",2116.61538461538
"993","024031",2151.46153846154
"994","024033",2102.54545454545
"995","024035",2095.25
"996","024037",2290.33333333333
"997","024039",1840.625
"998","024041",2212.92307692308
"999","024043",1862.33333333333
"1000","024045",1800.5
"1001","024047",1620.14285714286
"1002","02430",3442.5
"1003","025001",2436
"1004","025003",1814.83333333333
"1005","025005",1874.4
"1006","025007",2449.45454545455
"1007","025009",2318.27272727273
"1008","025011",1814.83333333333
"1009","025013",1940.16666666667
"1010","025015",1814.83333333333
"1011","025017",2123.04761904762
"1012","025019",2283.7
"1013","025021",2276.28571428571
"1014","025023",2628
"1015","025025",2276.4
"1016","025027",2033.66666666667
"1017","02540",2210.66666666667
"1018","02595",1219
"1019","026001",1586.5
"1020","026003",1666
"1021","026005",2099.25
"1022","026007",1666
"1023","026009",1666
"1024","026011",2150
"1025","026013",2317.5
"1026","026015",2334.8
"1027","026017",2820.75
"1028","026019",1666
"1029","026021",2240.75
"1030","026023",2089.5
"1031","026025",1960
"1032","026027",2240.75
"1033","026029",1732
"1034","026031",1732
"1035","026033",1732
"1036","026035",2089.5
"1037","026037",2596.66666666667
"1038","026039",1586.5
"1039","026041",1732
"1040","026043",1666
"1041","026045",2373.6
"1042","026047",1666
"1043","026049",2282.66666666667
"1044","026051",2485.33333333333
"1045","026053",2144.33333333333
"1046","026055",1666
"1047","026057",2596.66666666667
"1048","026059",1960
"1049","026061",2144.33333333333
"1050","026063",2089.5
"1051","026065",2373.6
"1052","026067",2514.8
"1053","026069",1586.5
"1054","026071",2317.5
"1055","026073",2089.5
"1056","026075",2240.75
"1057","026077",1846.75
"1058","026079",1666
"1059","026081",2514.8
"1060","026083",1666
"1061","026085",2188.5
"1062","026087",2343.25
"1063","026089",1666
"1064","026091",1586.5
"1065","026093",2289.25
"1066","026095",1666
"1067","026097",1732
"1068","026099",2440
"1069","026101",2188.5
"1070","026103",1791.2
"1071","026105",2662.66666666667
"1072","026107",2240.75
"1073","026109",1666
"1074","026111",2557.33333333333
"1075","026113",2188.5
"1076","026115",1624.66666666667
"1077","026117",2596.66666666667
"1078","026119",1586.5
"1079","026121",2514.8
"1080","026123",2515.25
"1081","026125",2789.42857142857
"1082","026127",2261.33333333333
"1083","026129",1586.5
"1084","026131",2144.33333333333
"1085","026133",2099.25
"1086","026135",1586.5
"1087","026137",1586.5
"1088","026139",2547.5
"1089","026141",1666
"1090","026143",1666
"1091","026145",3032
"1092","026147",2530
"1093","026149",2240.75
"1094","026151",2737.25
"1095","026153",1732
"1096","026155",2766.75
"1097","026157",2557.33333333333
"1098","026159",2240.75
"1099","026161",2132.8
"1100","026163",2782.28571428571
"1101","026165",2188.5
"1102","0262",2287.5
"1103","02640",1241
"1104","02650",1497
"1105","02675",3563
"1106","02690",2048
"1107","027001",3839.28571428571
"1108","027003",3241.85714285714
"1109","027005",3433.4
"1110","027007",3173.22222222222
"1111","027009",3233
"1112","027011",2887.2
"1113","027013",3201.54545454545
"1114","027015",3243.77777777778
"1115","027017",3482
"1116","027019",3553
"1117","027021",3340.75
"1118","027023",3111.1
"1119","027025",2838
"1120","027027",3039.76470588235
"1121","027029",3217.11111111111
"1122","027031",2852.75
"1123","027033",2991.5
"1124","027035",2549.75
"1125","027037",3737.25
"1126","027039",3692.42857142857
"1127","027041",3121
"1128","027042",3850
"1129","027043",3282.81818181818
"1130","027045",3579.14285714286
"1131","027047",3396.09090909091
"1132","027049",3654.75
"1133","027051",3407.57142857143
"1134","027053",2929.625
"1135","027055",3780
"1136","027057",2971.28571428571
"1137","027059",3053.5
"1138","027061",3039.5
"1139","027063",2990.5
"1140","027065",3110
"1141","027067",3267.25
"1142","027069",3083
"1143","027071",3442.5
"1144","027073",2911.5
"1145","027075",3390.5
"1146","027077",3201.57142857143
"1147","027079",3405.28571428571
"1148","027081",2933.14285714286
"1149","027083",2643.25
"1150","027085",3393.625
"1151","027087",3368.25
"1152","027089",3160.28571428571
"1153","027091",3067.6
"1154","027093",3248.4
"1155","027095",3110
"1156","027097",3357.25
"1157","027099",3697.25
"1158","027101",3007.66666666667
"1159","027103",3239.7
"1160","027105",3077.5
"1161","027107",3035.2
"1162","027109",3250.42857142857
"1163","027111",3305.125
"1164","027113",3254.88888888889
"1165","027115",2746.75
"1166","027117",2680
"1167","027119",3140.33333333333
"1168","027121",3508.57142857143
"1169","027123",3563.88888888889
"1170","027125",3309.8
"1171","027127",2942.66666666667
"1172","027129",2942.66666666667
"1173","027131",4085.33333333333
"1174","027133",2758.5
"1175","027135",3697.63636363636
"1176","027137",3584
"1177","027139",3553
"1178","027141",2814.75
"1179","027143",3096.875
"1180","027145",3059.6
"1181","027147",3024.25
"1182","027149",3067.55555555556
"1183","027151",2940.25
"1184","027153",3233
"1185","027155",2785
"1186","027157",3948
"1187","027159",2688.66666666667
"1188","027161",2916.16666666667
"1189","027163",3404.375
"1190","027165",3106.33333333333
"1191","027167",2572.75
"1192","027169",4107.57142857143
"1193","027171",3123.22222222222
"1194","027173",2885.84615384615
"1195","027200",3461.5
"1196","02725",1219
"1197","027288",3526.5
"1198","027316",2595.66666666667
"1199","027512",3615
"1200","027546",5360
"1201","027590",4557
"1202","02785",3563
"1203","0280",3142
"1204","028001",3527.42857142857
"1205","028003",3953.28571428571
"1206","028005",3555.2
"1207","028007",3294.66666666667
"1208","028009",3995.42857142857
"1209","028011",3677.54545454545
"1210","028013",3681.33333333333
"1211","028015",3432.42857142857
"1212","028017",3632.55555555556
"1213","028019",3635.28571428571
"1214","028021",3543
"1215","028023",3321
"1216","028025",3705.36363636364
"1217","028027",3717.7
"1218","028029",3564
"1219","028031",3525.44444444444
"1220","028033",3400.83333333333
"1221","028035",3598.9
"1222","028037",3953.4
"1223","028039",3649.83333333333
"1224","028041",3692.2
"1225","028043",3708.33333333333
"1226","028045",3473.92307692308
"1227","028047",3577.66666666667
"1228","028049",3326.875
"1229","02805",856.5
"1230","028051",3422.22222222222
"1231","028053",3642.125
"1232","028055",3459.28571428571
"1233","028057",3723.5
"1234","028059",3434.35714285714
"1235","028061",3570.33333333333
"1236","028063",3382.83333333333
"1237","028065",3441.90909090909
"1238","028067",3592.77777777778
"1239","028069",3753.25
"1240","028071",3864.28571428571
"1241","028073",3491.75
"1242","028075",3408.375
"1243","028077",3629.375
"1244","028079",3742.57142857143
"1245","028081",3694
"1246","028083",4034.625
"1247","028085",3555.2
"1248","028087",3807.63636363636
"1249","028089",3608.88888888889
"1250","028091",3684.4
"1251","028093",3995.42857142857
"1252","028095",3705.36363636364
"1253","028097",2850.75
"1254","028099",3734
"1255","028101",3681.28571428571
"1256","028103",3719.5
"1257","028105",3998.42857142857
"1258","028107",3981.66666666667
"1259","028109",3535.6
"1260","028111",3874.375
"1261","028113",3956.5
"1262","028115",3798.25
"1263","028117",4026.88888888889
"1264","028119",4078.75
"1265","028121",3232.83333333333
"1266","028123",3712.125
"1267","028125",3498
"1268","028127",3765
"1269","028129",3681.28571428571
"1270","028131",3157.09090909091
"1271","028133",4060.75
"1272","028135",4253.375
"1273","028137",4063.16666666667
"1274","028139",3998.125
"1275","028141",3922.375
"1276","028143",3364.42857142857
"1277","028145",3991.25
"1278","028147",3672.44444444444
"1279","028149",3578.7
"1280","028151",3659.69230769231
"1281","028153",3682
"1282","028155",3500.77777777778
"1283","028157",3210.54545454545
"1284","028159",3729.16666666667
"1285","028161",4111.85714285714
"1286","028163",3183.375
"1287","02840",2287.5
"1288","02855",2891
"1289","029",1189
"1290","029000",2363.05555555556
"1291","029001",2206.53333333333
"1292","029003",2044.58823529412
"1293","029005",1975.75
"1294","029007",2103.5
"1295","029009",2404.5625
"1296","029011",2336.4375
"1297","029013",2293.78571428571
"1298","029015",2259.69230769231
"1299","029017",2167.23076923077
"1300","029019",2280.88888888889
"1301","029021",1975.13333333333
"1302","029023",2130
"1303","029025",2073.66666666667
"1304","029027",2197.33333333333
"1305","029029",2235.93333333333
"1306","029031",2377
"1307","029033",2157.23529411765
"1308","029035",2066.5
"1309","029037",2222.42857142857
"1310","029039",2120.46666666667
"1311","029041",2161.38888888889
"1312","029043",2173.92857142857
"1313","029045",2085.26666666667
"1314","029047",2192.07692307692
"1315","029049",2079.08333333333
"1316","029051",2163.33333333333
"1317","029053",2173.21428571429
"1318","029055",2348.07142857143
"1319","029057",2204.28571428571
"1320","029059",2285.85714285714
"1321","029061",2232.84615384615
"1322","029063",2286.28571428571
"1323","029065",2067.58333333333
"1324","029067",2098.54545454545
"1325","029069",1876.33333333333
"1326","029071",2365.69230769231
"1327","029073",2071.36363636364
"1328","029075",2119.36363636364
"1329","029077",2249.5
"1330","029079",2130
"1331","029081",1936.1
"1332","029083",2203.45454545455
"1333","029085",2157.35714285714
"1334","029087",1796.09090909091
"1335","029089",2164.57894736842
"1336","029091",2301.54545454545
"1337","029093",2022.57142857143
"1338","029095",2217
"1339","029097",2330
"1340","029099",2366.5
"1341","029101",2318.35714285714
"1342","029103",2079.33333333333
"1343","029105",2157.69230769231
"1344","029107",2145.28571428571
"1345","029109",2199.16666666667
"1346","029111",2097.4375
"1347","029113",2316.35294117647
"1348","029115",2274.25
"1349","029117",2151.92857142857
"1350","029119",2289.53846153846
"1351","029121",2224.61538461538
"1352","029123",2033.15384615385
"1353","029125",2229
"1354","029127",2085.5625
"1355","029129",2207.08333333333
"1356","029131",2276
"1357","029133",2246.92307692308
"1358","029135",2119.84615384615
"1359","029137",2027.83333333333
"1360","029139",2063.06666666667
"1361","029141",2407.25
"1362","029143",2262.66666666667
"1363","029145",2299.625
"1364","029147",2119.36363636364
"1365","029149",2060.08333333333
"1366","029151",2143.05555555556
"1367","029153",2080.90909090909
"1368","029155",2402.08333333333
"1369","029157",2350.3125
"1370","029159",2111
"1371","029161",2296
"1372","029163",2014.28571428571
"1373","029165",2062.2
"1374","029167",2180.46666666667
"1375","029169",2404.53846153846
"1376","029171",1844.18181818182
"1377","029173",2042.28571428571
"1378","029175",2055.5
"1379","029177",2195.7
"1380","029179",2225.07692307692
"1381","029181",2088.7
"1382","029183",2017.4375
"1383","029185",2285.35714285714
"1384","029186",2347.5
"1385","029187",2486.28571428571
"1386","029189",2226.8
"1387","029195",2131.2
"1388","029197",1956.18181818182
"1389","029199",2173.85714285714
"1390","029201",2286.92857142857
"1391","029203",2202.41666666667
"1392","029205",2079.33333333333
"1393","029207",2309.92857142857
"1394","029209",2325.8
"1395","029211",2211.64705882353
"1396","029213",2167.25
"1397","029215",2241.30769230769
"1398","029217",2376.1875
"1399","029219",2037.54545454545
"1400","029221",2334.93333333333
"1401","029223",2281.25
"1402","029225",2204.88888888889
"1403","029227",1916
"1404","029229",2116.83333333333
"1405","02935",2891
"1406","030001",1610
"1407","030003",2549
"1408","030005",1769.66666666667
"1409","030007",2017.5
"1410","030009",2010.5
"1411","030011",2626.75
"1412","030013",1928
"1413","030015",2069.33333333333
"1414","030017",2181
"1415","030019",819
"1416","030021",1986
"1417","030023",2067.4
"1418","030025",2626.75
"1419","030027",1928
"1420","030029",1628.375
"1421","030031",2089.4
"1422","030033",1651
"1423","030035",2450
"1424","030037",1928
"1425","030039",1610.66666666667
"1426","030041",2200.75
"1427","030043",1856.8
"1428","030045",2336.33333333333
"1429","030047",1608.33333333333
"1430","030049",1481
"1431","030051",2200.75
"1432","030053",2066
"1433","030055",2391.5
"1434","030057",1995.75
"1435","030059",2084.4
"1436","030061",1552.66666666667
"1437","030063",1889.9
"1438","030065",1998.8
"1439","030067",2071
"1440","030069",1928
"1441","030071",1769.66666666667
"1442","030073",2450
"1443","030075",2012.2
"1444","030077",1927
"1445","030079",2336.33333333333
"1446","030081",1860.83333333333
"1447","030083",2645.33333333333
"1448","030085",2645.33333333333
"1449","030087",1843.5
"1450","030089",1896.66666666667
"1451","030091",2391.5
"1452","030093",1796
"1453","030095",1983.5
"1454","030097",1874.8
"1455","030099",1928
"1456","030101",2200.75
"1457","030103",2336.33333333333
"1458","030105",1986
"1459","030107",2336.33333333333
"1460","030109",2391.5
"1461","030111",1973
"1462","03025",3265.5
"1463","030325",3414
"1464","030340",1882
"1465","030550",3037
"1466","030650",3037
"1467","030925",3037
"1468","031001",2520.72727272727
"1469","031003",2062.85714285714
"1470","031005",1622
"1471","031007",2391.66666666667
"1472","031009",2434.42857142857
"1473","031011",2593.9
"1474","031013",1972.5
"1475","031015",2256.22222222222
"1476","031017",2280.14285714286
"1477","031019",2855.16666666667
"1478","031021",2136.14285714286
"1479","031023",2614.4
"1480","031025",2259.72727272727
"1481","031027",1797.2
"1482","031029",2775.55555555556
"1483","031031",1852.66666666667
"1484","031033",2467
"1485","031035",2881.71428571429
"1486","031037",2786
"1487","031039",2762.18181818182
"1488","031041",2944
"1489","031043",1672.2
"1490","031045",1738.66666666667
"1491","031047",2789
"1492","031049",2384.5
"1493","031051",1792.42857142857
"1494","031053",2851.81818181818
"1495","031055",2501.08333333333
"1496","031057",2623.25
"1497","031059",2568.625
"1498","031061",2847.8
"1499","031063",2621.45454545455
"1500","031065",2798.33333333333
"1501","031067",2492.38461538462
"1502","031069",2041.8
"1503","031071",2450.875
"1504","031073",2834.875
"1505","031075",646
"1506","031077",2324.16666666667
"1507","031079",2942
"1508","031081",2734.5
"1509","031083",2829.71428571429
"1510","031085",2727
"1511","031087",2929.66666666667
"1512","031089",2109.875
"1513","031091",2033
"1514","031093",2294.33333333333
"1515","031095",2384.25
"1516","031097",2379.78571428571
"1517","031099",2585.22222222222
"1518","031101",2205.25
"1519","031103",2280.14285714286
"1520","031105",2545.25
"1521","031107",2028.5
"1522","031109",2467
"1523","031111",2487
"1524","031113",2318.375
"1525","031115",2093.44444444444
"1526","031117",2225.85714285714
"1527","031119",2467.3
"1528","031121",2554
"1529","031123",2006
"1530","031125",2593.9
"1531","031127",2182.35714285714
"1532","031129",2666.7
"1533","031131",2352.92857142857
"1534","031133",2237.09090909091
"1535","031135",2287.42857142857
"1536","031137",2855.11111111111
"1537","031139",2128.375
"1538","031141",2663.5
"1539","031143",2516.11111111111
"1540","031145",2880.11111111111
"1541","031147",2174.75
"1542","031149",2253.28571428571
"1543","031151",2578.44444444444
"1544","031153",2591.90909090909
"1545","031155",2495.18181818182
"1546","031157",1660
"1547","031159",2564.9
"1548","031161",1403
"1549","031163",2808.4
"1550","031165",1961.42857142857
"1551","031167",2787.90909090909
"1552","031169",2683.72727272727
"1553","031171",1975
"1554","031173",2077.33333333333
"1555","031175",2404.66666666667
"1556","031177",2513.44444444444
"1557","031179",1940.33333333333
"1558","031181",2709.71428571429
"1559","031183",2093.44444444444
"1560","031185",2487.3
"1561","03200",1992.5
"1562","032001",2614.25
"1563","032003",1506.2
"1564","032005",1788.5
"1565","032007",1162.92857142857
"1566","032009",2815
"1567","032011",1564.25
"1568","032013",1888
"1569","032015",1888
"1570","032017",2031
"1571","032019",2536.57142857143
"1572","032021",2614.25
"1573","032023",1888
"1574","032027",2059
"1575","032029",2461
"1576","032031",1155.04347826087
"1577","032033",1888
"1578","032200",3672
"1579","032800",3672
"1580","033001",2021.94117647059
"1581","033003",1954.42105263158
"1582","033005",1697.09523809524
"1583","033007",1904.64285714286
"1584","033009",2063.14285714286
"1585","033011",1995.39130434783
"1586","033013",2035.09523809524
"1587","033015",1934.35
"1588","033017",1863.8125
"1589","033019",1928
"1590","034001",2560.35294117647
"1591","034003",2503.57142857143
"1592","034005",2338.35714285714
"1593","034007",2437.46153846154
"1594","034009",2414.69230769231
"1595","034011",2433.26666666667
"1596","034013",2503.57142857143
"1597","034015",2323.57142857143
"1598","034017",2341.69230769231
"1599","034019",2263.21428571429
"1600","034021",2362.4
"1601","034023",2500
"1602","034025",2300.63636363636
"1603","034027",2474.21428571429
"1604","034029",2196.13333333333
"1605","034031",2375.78571428571
"1606","034033",2362.64285714286
"1607","034035",2500
"1608","034037",2329.33333333333
"1609","034039",2507.14285714286
"1610","034041",2198.42857142857
"1611","0350",2608
"1612","035001",2264
"1613","035003",1909
"1614","035005",2756.25
"1615","035006",3411.25
"1616","035007",1640.42857142857
"1617","035009",1925.75
"1618","035011",2756.25
"1619","035013",3660.4
"1620","035015",2654.33333333333
"1621","035017",2231.66666666667
"1622","035019",3054.6
"1623","035021",2970
"1624","035023",2786.5
"1625","035025",2079.25
"1626","035027",1908.38461538462
"1627","035028",2741.75
"1628","035029",3391.75
"1629","035031",3176.2
"1630","035033",2538.54545454545
"1631","035035",2076.4
"1632","035037",2057.5
"1633","035039",2944.75
"1634","035041",1847.75
"1635","035043",2327.4
"1636","035045",3053.2
"1637","035047",2285.77777777778
"1638","035049",2618.75
"1639","035051",3485
"1640","035053",2514
"1641","035055",3250.6
"1642","035057",2342.625
"1643","035059",2096.66666666667
"1644","035061",2191.2
"1645","035180",2608
"1646","035260",1570
"1647","035320",2608
"1648","035340",2608
"1649","035380",2608
"1650","035400",1628
"1651","035460",2608
"1652","035580",4248
"1653","035630",1570
"1654","035700",2608
"1655","035880",2608
"1656","035990",3632.5
"1657","036",2749
"1658","036001",3028.5
"1659","036003",3529.30769230769
"1660","036005",2735.4
"1661","036007",3373.4375
"1662","036009",3139.93333333333
"1663","036011",3278.25
"1664","036013",3096.58333333333
"1665","036015",3140.54545454545
"1666","036017",3201.22222222222
"1667","036019",3194.33333333333
"1668","036021",3161.66666666667
"1669","036023",3536.44444444444
"1670","036025",3152.78260869565
"1671","036027",3175.30769230769
"1672","036029",2830.2
"1673","036031",3279.78571428571
"1674","036033",3194.33333333333
"1675","036035",3004.18181818182
"1676","036037",2969.53333333333
"1677","036039",3021
"1678","036041",3219.88888888889
"1679","036043",3173.46153846154
"1680","036045",3338.09090909091
"1681","036047",2700.58333333333
"1682","036049",3120.46666666667
"1683","036051",3308.42857142857
"1684","036053",3420.66666666667
"1685","036055",3142.64285714286
"1686","036057",3310.06666666667
"1687","036059",2934.78571428571
"1688","036061",2890.38461538462
"1689","036063",3178.53333333333
"1690","036065",2847.66666666667
"1691","036067",3391.91666666667
"1692","036069",3293
"1693","036071",3033.05263157895
"1694","036073",3125.6875
"1695","036075",2799.9
"1696","036077",3145.1875
"1697","036079",2924
"1698","036081",2700.58333333333
"1699","036083",3110
"1700","036085",2749
"1701","036087",2805.53846153846
"1702","036089",3338.09090909091
"1703","036091",3073.69230769231
"1704","036093",3169.58823529412
"1705","036095",3123.35
"1706","036097",3330.2
"1707","036099",3060.625
"1708","036101",3726.21428571429
"1709","036103",3076.92857142857
"1710","036105",3179.77272727273
"1711","036107",3366.93333333333
"1712","036109",3276.54545454545
"1713","036111",3312.31578947368
"1714","036113",3534.72727272727
"1715","036115",3225.81818181818
"1716","036117",3237.41666666667
"1717","036119",2923.53333333333
"1718","036121",3110.2
"1719","036123",3466.58333333333
"1720","036862",2749
"1721","037001",3169.81818181818
"1722","037003",3162.14285714286
"1723","037005",3291.85714285714
"1724","037007",3646.3
"1725","037009",3190.44444444444
"1726","037011",3190.44444444444
"1727","037013",2664
"1728","037015",2546.83333333333
"1729","037017",2974.54545454545
"1730","037019",2856.94117647059
"1731","037021",3303.28571428571
"1732","037023",3213.66666666667
"1733","037025",3545.83333333333
"1734","037027",3213.66666666667
"1735","037029",2301.09090909091
"1736","037031",2712.6
"1737","037033",3054
"1738","037035",3363.875
"1739","037037",3065
"1740","037039",2441.6
"1741","037041",2687.66666666667
"1742","037043",2610
"1743","037045",3363.875
"1744","037047",2872.15384615385
"1745","037049",2657.5625
"1746","037051",2919.8
"1747","037053",2340.09090909091
"1748","037055",2566.1875
"1749","037057",3422.71428571429
"1750","037059",2924.625
"1751","037061",2743.36363636364
"1752","037063",3210.5
"1753","037065",2775.92307692308
"1754","037067",3111.25
"1755","037069",3119.90909090909
"1756","037071",3162.14285714286
"1757","037073",2290.1
"1758","037075",2790.8
"1759","037077",3300.5
"1760","037079",2743.36363636364
"1761","037081",3365.5
"1762","037083",2782.78571428571
"1763","037085",3170.11111111111
"1764","037087",2871.88888888889
"1765","037089",3241
"1766","037091",2498.58333333333
"1767","037093",3277.14285714286
"1768","037095",2665.88235294118
"1769","037097",3363.875
"1770","037099",2966.42857142857
"1771","037101",2951.54545454545
"1772","037103",2714.53846153846
"1773","037105",3065
"1774","037107",2722.76923076923
"1775","037109",3363.875
"1776","037111",2969.125
"1777","037113",3004.33333333333
"1778","037115",2871.88888888889
"1779","037117",2589.72727272727
"1780","037119",3545.83333333333
"1781","037121",2943
"1782","037123",3199.3
"1783","037125",3065
"1784","037127",2868.92307692308
"1785","037129",2712.375
"1786","037131",2782.78571428571
"1787","037133",2637.57142857143
"1788","037135",3166.36363636364
"1789","037137",2711.75
"1790","037139",2348
"1791","037141",2667.66666666667
"1792","037143",2378.33333333333
"1793","037145",3184.41666666667
"1794","037147",2621.84615384615
"1795","037149",3283
"1796","037151",3087.2
"1797","037153",3451.875
"1798","037155",3120
"1799","037157",2977
"1800","037159",3205.57142857143
"1801","037161",3448.88888888889
"1802","037163",3020.5
"1803","037165",3277.14285714286
"1804","037167",3641.5
"1805","037169",2898.2
"1806","037171",2507.33333333333
"1807","037173",2790.8
"1808","037175",2972.14285714286
"1809","037177",2288.09090909091
"1810","037179",3636.66666666667
"1811","037181",3162
"1812","037183",3037.41666666667
"1813","037185",3083.90909090909
"1814","037187",2288.09090909091
"1815","037189",3101.7
"1816","037191",2806.54545454545
"1817","037193",3187.375
"1818","037195",2951.54545454545
"1819","037197",2507.33333333333
"1820","037199",2871.88888888889
"1821","037390",3320
"1822","038",3696
"1823","038001",2675.71428571429
"1824","038003",2825.38888888889
"1825","038005",2791.25
"1826","038007",2520.16666666667
"1827","038009",2885.07692307692
"1828","038011",2361.625
"1829","038013",2781
"1830","038015",2761.69230769231
"1831","038017",2715.42105263158
"1832","038019",2883.86666666667
"1833","038020",3278
"1834","038021",2964.9375
"1835","038023",2750.42857142857
"1836","038025",2323
"1837","038027",2927.92857142857
"1838","038029",2665.38461538462
"1839","038031",2823.83333333333
"1840","038033",2461
"1841","038035",2666.15789473684
"1842","038037",2787.5
"1843","038039",3054.07692307692
"1844","038041",2828
"1845","038043",3055.38461538462
"1846","038045",3010.3125
"1847","038047",2949.71428571429
"1848","038049",2766.125
"1849","038051",2919
"1850","038053",2262.4
"1851","038055",2773.07142857143
"1852","038057",2529.30769230769
"1853","038059",2858.69230769231
"1854","038061",2778.83333333333
"1855","038063",2923.88235294118
"1856","038065",2602.16666666667
"1857","038067",2784.25
"1858","038069",3028.21428571429
"1859","038071",2843
"1860","038073",2792.10526315789
"1861","038075",2671.83333333333
"1862","038077",2744.55
"1863","038079",3151.71428571429
"1864","038081",3034.23529411765
"1865","038083",2983.30769230769
"1866","038085",2452.91666666667
"1867","038087",2359
"1868","038089",2787.625
"1869","038091",2900.6875
"1870","038093",3026.1875
"1871","038095",2908.05882352941
"1872","038097",2678.42105263158
"1873","038099",2731.95454545455
"1874","038101",2607.76923076923
"1875","038103",3022.61538461538
"1876","038105",2691.5
"1877","038300",2350.5
"1878","038340",2899.83333333333
"1879","038445",3898
"1880","038640",2670.75
"1881","038995",3326
"1882","039001",2621.81818181818
"1883","039003",2096
"1884","039005",2093.57142857143
"1885","039007",1654.16666666667
"1886","039009",2646.54545454545
"1887","039011",2038.75
"1888","039013",2520.75
"1889","039015",2462.5
"1890","039017",2185.66666666667
"1891","039019",2303.28571428571
"1892","039021",2137
"1893","039023",1980.42857142857
"1894","039025",2596.45454545455
"1895","039027",1610.2
"1896","039029",2561.2
"1897","039031",2081.33333333333
"1898","039033",1995.44444444444
"1899","039035",2120
"1900","039037",2066.57142857143
"1901","039039",1597.66666666667
"1902","039041",2039.77777777778
"1903","039043",2063.75
"1904","039045",2128.77777777778
"1905","039047",2141.8
"1906","039049",2261.5625
"1907","039051",1733.75
"1908","039053",2502.11111111111
"1909","039055",1792
"1910","039057",1951.88888888889
"1911","039059",2319.3
"1912","039061",2629.6
"1913","039063",2125
"1914","039065",1902
"1915","039067",2466.27272727273
"1916","039069",2027.8
"1917","039071",2352
"1918","039073",2567.45454545455
"1919","039075",2249.85714285714
"1920","039077",1934.44444444444
"1921","039079",2596.44444444444
"1922","039081",2612.58333333333
"1923","039083",2213.22222222222
"1924","039085",1615.14285714286
"1925","039087",2645.5
"1926","039089",2290.15384615385
"1927","039091",2163.5
"1928","039093",2176.2
"1929","039095",2003.85714285714
"1930","039097",2070.875
"1931","039099",2358.875
"1932","039101",1959
"1933","039103",2279.375
"1934","039105",2587.81818181818
"1935","039107",2080.25
"1936","039109",2218.33333333333
"1937","039111",2745.61538461538
"1938","039113",2016.25
"1939","039115",2499.55555555556
"1940","039117",2162.8
"1941","039119",2441
"1942","039121",2318.22222222222
"1943","039123",2022.33333333333
"1944","039125",2059.28571428571
"1945","039127",2466.27272727273
"1946","039129",2150.28571428571
"1947","039131",2556.1
"1948","039133",2153.71428571429
"1949","039135",1869
"1950","039137",2125
"1951","039139",2365.72727272727
"1952","039141",2632.33333333333
"1953","039143",2021
"1954","039145",2681.6
"1955","039147",2086.14285714286
"1956","039149",2128.4
"1957","039151",2319.71428571429
"1958","039153",2189.33333333333
"1959","039155",2333.14285714286
"1960","039157",2292.625
"1961","039159",1997.44444444444
"1962","039161",2038.75
"1963","039163",2606.66666666667
"1964","039165",1894.42857142857
"1965","039167",2674.81818181818
"1966","039169",2027.8
"1967","039171",1771.5
"1968","039173",1846.8
"1969","039175",1902
"1970","04",3560
"1971","040001",2771.64285714286
"1972","040003",2992.125
"1973","040005",2881.125
"1974","040007",2693.71428571429
"1975","040009",2847.84615384615
"1976","04001",2628.42857142857
"1977","040011",2961.94444444444
"1978","040013",2768.46666666667
"1979","040015",3080.84615384615
"1980","040017",3125.36363636364
"1981","040019",2544.09523809524
"1982","040021",2709.83333333333
"1983","040023",2689.75
"1984","040025",2708.58333333333
"1985","040027",2841.4347826087
"1986","040029",2873.14285714286
"1987","04003",2426.5
"1988","040031",2655.6
"1989","040033",2971.45
"1990","040035",3014
"1991","040037",2221.74074074074
"1992","040039",3095.4375
"1993","040041",3002.75
"1994","040043",3080.66666666667
"1995","040045",2760.2
"1996","040047",3026.85714285714
"1997","040049",2820.89473684211
"1998","04005",1940.5
"1999","040051",3082.71428571429
"2000","040053",2966.25
"2001","040055",2757.72727272727
"2002","040057",2691.72727272727
"2003","040059",2763.36363636364
"2004","040061",2816.93333333333
"2005","040063",2763.26666666667
"2006","040065",2813.9375
"2007","040067",2752.0625
"2008","040069",2828
"2009","04007",2306.9
"2010","040071",3008.82352941176
"2011","040073",3108.3
"2012","040075",3017.05
"2013","040077",2842.125
"2014","040079",2543.92307692308
"2015","040081",3011.42857142857
"2016","040083",2910.48
"2017","040085",2917.06666666667
"2018","040087",2941.92
"2019","040089",2526.66666666667
"2020","04009",4050.33333333333
"2021","040091",2483.95
"2022","040093",2909.41176470588
"2023","040095",2764.16666666667
"2024","040097",2584.28571428571
"2025","040099",2376.78571428571
"2026","040101",2699.1875
"2027","040103",2844.46666666667
"2028","040105",3032.3125
"2029","040107",2978.31818181818
"2030","040109",2554.17142857143
"2031","04011",3334.33333333333
"2032","040111",2956.35
"2033","040113",2967.28571428571
"2034","040115",2954.94117647059
"2035","040117",2775.5
"2036","040119",2674.66666666667
"2037","04012",3079.5
"2038","040121",2651.5
"2039","040123",2748.92307692308
"2040","040125",2920.52173913043
"2041","040127",2855.5625
"2042","040129",2944.93333333333
"2043","04013",2857.75
"2044","040131",2934.4
"2045","040133",2922.35
"2046","040135",2856.8
"2047","040137",2871.70588235294
"2048","040139",2520.66666666667
"2049","040141",2989.22222222222
"2050","040143",2450
"2051","040145",2792.07142857143
"2052","040147",2888.4375
"2053","040149",3165.33333333333
"2054","04015",2060.75
"2055","040151",2840.28571428571
"2056","040153",2373.25
"2057","04017",2005.4
"2058","04019",3284.6
"2059","04021",2734.57142857143
"2060","04023",3328.25
"2061","04025",1977.92857142857
"2062","04027",4453
"2063","041001",1860
"2064","041003",2424.83333333333
"2065","041005",2606.42857142857
"2066","041007",2557.63636363636
"2067","041009",2409
"2068","041011",2231.75
"2069","041013",2151.2
"2070","041015",1965.33333333333
"2071","041017",1723.28571428571
"2072","041019",2056.16666666667
"2073","041021",2345.4
"2074","041023",1476.5
"2075","041025",1749.33333333333
"2076","041027",2034.375
"2077","041029",1228.28571428571
"2078","041031",1685.14285714286
"2079","041033",1696.5
"2080","041035",2526.25
"2081","041037",1503.5
"2082","041039",2086.375
"2083","041041",2389.4
"2084","041043",2141.71428571429
"2085","041045",1757
"2086","041047",2588.2
"2087","041049",2209.75
"2088","041051",2515
"2089","041053",2679.16666666667
"2090","041055",2471.75
"2091","041057",2557.63636363636
"2092","041059",1951.2
"2093","041061",2333
"2094","041063",2209.75
"2095","041065",1943.625
"2096","041067",2381.4
"2097","041069",2475.66666666667
"2098","041071",2561.375
"2099","04120",3245
"2100","041525",3127
"2101","041650",2888
"2102","042",1792.5
"2103","042001",2314.46153846154
"2104","042003",2492.09090909091
"2105","042005",2621.54545454545
"2106","042007",2607.3
"2107","042009",2255.38461538462
"2108","042011",2490.86666666667
"2109","042013",2182.75
"2110","042015",2267.75
"2111","042017",2356.55555555556
"2112","042019",2265.28571428571
"2113","042021",2332.91666666667
"2114","042023",2191.57142857143
"2115","042025",2245.27272727273
"2116","042027",2289.7
"2117","042029",2142.35294117647
"2118","042031",2431
"2119","042033",2542.7
"2120","042035",2167.36363636364
"2121","042037",2275.5
"2122","042039",2377.33333333333
"2123","042041",2265
"2124","042043",2246.57142857143
"2125","042045",2179.1875
"2126","042047",2217.33333333333
"2127","042049",2217.33333333333
"2128","042051",2306.81818181818
"2129","042053",2242
"2130","042055",2294.64285714286
"2131","042057",2007.81818181818
"2132","042059",2452.36363636364
"2133","042061",2059.07692307692
"2134","042063",2444
"2135","042065",2350.125
"2136","042067",2040
"2137","042069",2436.84615384615
"2138","042071",2256.92857142857
"2139","042073",2230.875
"2140","042075",2270.91666666667
"2141","042077",2120.16666666667
"2142","042079",2330.92857142857
"2143","042081",2187
"2144","042083",2199.875
"2145","042085",2271.28571428571
"2146","042087",2238.81818181818
"2147","042089",2282
"2148","042091",2286.5
"2149","042093",2245.27272727273
"2150","042095",2192.8
"2151","042097",2238.5
"2152","042099",2306.53846153846
"2153","042101",2170.82352941176
"2154","042103",2270.30769230769
"2155","042105",2242
"2156","042107",2285
"2157","042109",2187
"2158","042111",2266.53846153846
"2159","042113",2305.86666666667
"2160","042115",2486.6
"2161","042117",2159.3
"2162","042119",2187
"2163","042121",2377.33333333333
"2164","042123",2271.28571428571
"2165","042125",2319.33333333333
"2166","042127",2268.57142857143
"2167","042129",2342.7
"2168","042131",2367.47058823529
"2169","042133",2214.76923076923
"2170","04320",2010
"2171","04330",3560
"2172","044001",1487.75
"2173","044003",1531.11111111111
"2174","044005",1693.33333333333
"2175","044007",1494.54545454545
"2176","044009",1456.2
"2177","045001",1253
"2178","045003",2080.875
"2179","045005",1573.5
"2180","045007",1184.5
"2181","045009",1789.11111111111
"2182","045011",1789.11111111111
"2183","045013",1247
"2184","045015",2260.09090909091
"2185","045017",2525.75
"2186","045019",2260.09090909091
"2187","045021",2345.36363636364
"2188","045023",2180.44444444444
"2189","045025",2118
"2190","045027",2244.90909090909
"2191","045029",2066.44444444444
"2192","045031",2525.75
"2193","045033",2221.33333333333
"2194","045035",2066.44444444444
"2195","045037",2080.875
"2196","045039",2180.44444444444
"2197","045041",2525.75
"2198","045043",2204.58333333333
"2199","045045",1601.375
"2200","045047",1253
"2201","045049",1247
"2202","045051",2004.375
"2203","045053",1247
"2204","045055",2525.75
"2205","045057",2413.88888888889
"2206","045059",1761
"2207","045061",2525.75
"2208","045063",1868.4
"2209","045065",1576
"2210","045067",2221.33333333333
"2211","045069",2118
"2212","045071",1701.75
"2213","045073",1650.375
"2214","045075",2520.63636363636
"2215","045077",1384.14285714286
"2216","045079",2244.90909090909
"2217","045081",1576
"2218","045083",2228.5
"2219","045085",2525.75
"2220","045087",2196.55555555556
"2221","045089",2333.61538461538
"2222","045091",2136.88888888889
"2223","045455",520.333333333333
"2224","04560",2118.5
"2225","046003",2462.33333333333
"2226","046005",2545.63636363636
"2227","046007",2201.85714285714
"2228","046009",2566
"2229","046011",2625.54545454545
"2230","046013",2666.75
"2231","046015",2353.36363636364
"2232","046017",2487
"2233","046019",2320
"2234","046021",2529.9
"2235","046023",2554.77777777778
"2236","046025",2658.91666666667
"2237","046027",2535.25
"2238","046029",2595.41666666667
"2239","046031",2232.18181818182
"2240","046033",1956.77777777778
"2241","046035",2615.25
"2242","046037",2651.61538461538
"2243","046039",2578.92307692308
"2244","046041",2146.88888888889
"2245","046043",2460.27272727273
"2246","046045",2646
"2247","046047",1951.5
"2248","046049",2534.5
"2249","046051",2581.08333333333
"2250","046053",2517.84615384615
"2251","046055",2425.125
"2252","046057",2588.54545454545
"2253","046059",2548.18181818182
"2254","046061",2584.15384615385
"2255","046063",2259.7
"2256","046065",2370.11111111111
"2257","046067",2364.84615384615
"2258","046069",2534.5
"2259","046071",2197.3
"2260","046073",2596.41666666667
"2261","046075",2527.5
"2262","046077",2549
"2263","046079",2401.1
"2264","046081",2021.9
"2265","046083",2484.14285714286
"2266","046085",2414.625
"2267","046087",2433.5
"2268","046089",2587.2
"2269","046091",2648.38461538462
"2270","046093",2045.72727272727
"2271","046095",2330.75
"2272","046097",2594
"2273","046099",2275.14285714286
"2274","046101",2495.18181818182
"2275","046103",1914.11111111111
"2276","046105",2104.92307692308
"2277","046107",2549.125
"2278","046109",2606.42857142857
"2279","046111",2660.45454545455
"2280","046113",2108.77777777778
"2281","046115",2493.8
"2282","046117",2432.57142857143
"2283","046119",2539.77777777778
"2284","046121",2422.71428571429
"2285","046123",2467
"2286","046125",2436.53846153846
"2287","046127",2274.85714285714
"2288","046129",2623.83333333333
"2289","046135",2579.875
"2290","046137",2242.41666666667
"2291","046220",1687
"2292","046260",2198.66666666667
"2293","04660",2081
"2294","046620",1609
"2295","046640",2275.5
"2296","046645",1712
"2297","046700",2104.66666666667
"2298","046860",1965.14285714286
"2299","046980",2111
"2300","047001",3127.83333333333
"2301","047003",3624
"2302","047005",3355.77777777778
"2303","047007",3344.72727272727
"2304","047009",3414.66666666667
"2305","047011",3525.88888888889
"2306","047013",3528.88888888889
"2307","047015",3405.77777777778
"2308","047017",3370.625
"2309","047019",3110.83333333333
"2310","047021",3706.77777777778
"2311","047023",3467.25
"2312","047025",2930.125
"2313","047027",3298.22222222222
"2314","047029",3294.44444444444
"2315","047031",3704
"2316","047033",3558.71428571429
"2317","047035",3346.28571428571
"2318","047037",3464.22222222222
"2319","047039",3242.9
"2320","047041",3379.77777777778
"2321","047043",3471
"2322","047045",3149.77777777778
"2323","047047",3239.75
"2324","047049",3309.83333333333
"2325","047051",3615.57142857143
"2326","047053",3648.77777777778
"2327","047055",3483.875
"2328","047057",2878.55555555556
"2329","047059",3651
"2330","047061",3219.45454545455
"2331","047063",3561.75
"2332","047065",3316.7
"2333","047067",2870
"2334","047069",3634.83333333333
"2335","047071",3686.5
"2336","047073",3162.71428571429
"2337","047075",3331.77777777778
"2338","047077",3331.22222222222
"2339","047079",3472.83333333333
"2340","047081",3883.14285714286
"2341","047083",3548.36363636364
"2342","047085",3352.58333333333
"2343","047087",3216.17647058824
"2344","047089",3439
"2345","047091",3356.14285714286
"2346","047093",3186
"2347","047095",2836.25
"2348","047097",3647
"2349","047099",3708.33333333333
"2350","047101",3567.1
"2351","047103",3715.57142857143
"2352","047105",3176
"2353","047107",3197.42857142857
"2354","047109",3749.16666666667
"2355","047111",3419.625
"2356","047113",3618.55555555556
"2357","047115",3172.18181818182
"2358","047117",3519.33333333333
"2359","047119",3325.14285714286
"2360","047121",3305.77777777778
"2361","047123",3267.57142857143
"2362","047125",3380.875
"2363","047127",3491.2
"2364","047129",3639.3
"2365","047131",3407.16666666667
"2366","047133",3036.125
"2367","047135",3783.625
"2368","047137",3139.77777777778
"2369","047139",3483.15384615385
"2370","047141",3739.5
"2371","047143",3110.77777777778
"2372","047145",3401.18181818182
"2373","047147",3661.5
"2374","047149",3221.16666666667
"2375","047151",3424.9
"2376","047153",2995.63636363636
"2377","047155",3041.2
"2378","047157",3076.90909090909
"2379","047159",3389.16666666667
"2380","047161",3097.7
"2381","047163",3266
"2382","047165",3430.1
"2383","047167",3666.28571428571
"2384","047169",3565.2
"2385","047171",3459.66666666667
"2386","047173",3413
"2387","047175",3757.3
"2388","047177",3523
"2389","047179",3273.75
"2390","047181",3507
"2391","047183",3330.85714285714
"2392","047185",3785.14285714286
"2393","047187",3775.66666666667
"2394","047189",3551.2
"2395","048",2824.5
"2396","048001",2538.78571428571
"2397","048003",2357.44444444444
"2398","048005",2748.83333333333
"2399","048007",2745.14285714286
"2400","048009",2473.61538461538
"2401","048011",2817.85714285714
"2402","048013",3056.25
"2403","048015",2693.16666666667
"2404","048017",2602.375
"2405","048019",2715.66666666667
"2406","048021",2087.88235294118
"2407","048023",2550.55555555556
"2408","048025",2733.53846153846
"2409","048027",2204.8125
"2410","048029",2318.57894736842
"2411","048031",2967.36363636364
"2412","048033",2345.77777777778
"2413","048035",2579.5
"2414","048037",2684.71428571429
"2415","048039",2975.25
"2416","048041",2484.36363636364
"2417","048043",2354.14285714286
"2418","048045",2602.375
"2419","048047",2432.25
"2420","048049",2614.64285714286
"2421","048051",2726.5
"2422","048053",2755.38461538462
"2423","048055",2525.36363636364
"2424","048057",3001
"2425","048059",2506.78571428571
"2426","048061",2520.35714285714
"2427","048063",2427.42857142857
"2428","048065",2571.125
"2429","048067",2639.25
"2430","048069",2322.14285714286
"2431","048071",2714.1
"2432","048073",2783.35714285714
"2433","048075",2273.57142857143
"2434","048077",2273.90909090909
"2435","048079",2322.14285714286
"2436","048081",2065
"2437","048083",2732.4
"2438","048085",2656.53846153846
"2439","048087",2526.83333333333
"2440","048089",2777.8
"2441","048091",2408.3125
"2442","048093",2694.91666666667
"2443","048095",2207.71428571429
"2444","048097",2764.41666666667
"2445","048099",2295.75
"2446","048101",2305.45454545455
"2447","048103",2526.83333333333
"2448","048105",2207.71428571429
"2449","048107",2345.77777777778
"2450","048109",2526.83333333333
"2451","048111",2526.83333333333
"2452","048113",2351.75
"2453","048115",2345.77777777778
"2454","048117",2602.375
"2455","048119",3002
"2456","048121",2494.75
"2457","048123",3053.92307692308
"2458","048125",2068.5
"2459","048127",2378.11111111111
"2460","048129",2624.42857142857
"2461","048131",2665
"2462","048133",2628.9375
"2463","048135",2268.7
"2464","048137",2667.77777777778
"2465","048139",2339.4
"2466","048141",2619.6
"2467","048143",2612.44444444444
"2468","048145",2207.71428571429
"2469","048147",3099.3
"2470","048149",2414.58333333333
"2471","048151",2116
"2472","048153",2345.77777777778
"2473","048155",2207.71428571429
"2474","048157",2886.92307692308
"2475","048159",2770.55555555556
"2476","048161",2483.8
"2477","048163",2661.8
"2478","048165",2602.375
"2479","048167",2888.57142857143
"2480","048169",2345.77777777778
"2481","048171",2729.8
"2482","048173",2207.71428571429
"2483","048175",3165.75
"2484","048177",2937.63636363636
"2485","048179",2817.85714285714
"2486","048181",2807.38461538462
"2487","048183",2809.75
"2488","048185",2472.27272727273
"2489","048187",2879.16666666667
"2490","048189",2433.125
"2491","048191",2866.875
"2492","048193",2555.36363636364
"2493","048195",2704
"2494","048197",2026
"2495","048199",2615.71428571429
"2496","048201",2615.27777777778
"2497","048203",2575.75
"2498","048205",2526.83333333333
"2499","048207",2468.125
"2500","048209",2646.4
"2501","048211",2817.85714285714
"2502","048213",2676.07692307692
"2503","048215",2527.41666666667
"2504","048217",2597.07692307692
"2505","048219",2322.14285714286
"2506","048221",2694.91666666667
"2507","048223",2751.2
"2508","048225",2484
"2509","048227",1967.61538461538
"2510","048229",2626.14285714286
"2511","048231",2836.58333333333
"2512","048233",2053.5
"2513","048235",2207.71428571429
"2514","048237",2293.54545454545
"2515","048239",2783.14285714286
"2516","048241",2509.78571428571
"2517","048243",2033.27272727273
"2518","048245",2978.64285714286
"2519","048247",2720.45454545455
"2520","048249",2814.8
"2521","048251",2497.61538461538
"2522","048253",2825
"2523","048255",3163.11111111111
"2524","048257",2661
"2525","048259",2830.08333333333
"2526","048261",2590.9
"2527","048263",2116
"2528","048265",2638.27272727273
"2529","048267",2350.11111111111
"2530","048269",1930.4
"2531","048271",2010
"2532","048273",2700.27272727273
"2533","048275",2235.11111111111
"2534","048277",2944.16666666667
"2535","048279",2322.14285714286
"2536","048281",2304.81818181818
"2537","048283",2587.88888888889
"2538","048285",2777.8
"2539","048287",2427.25
"2540","048289",2549.81818181818
"2541","048291",2776.63157894737
"2542","048293",2549.81818181818
"2543","048295",2526.83333333333
"2544","048297",2519.66666666667
"2545","048299",2686.7
"2546","048301",2526.83333333333
"2547","048303",2255.54545454545
"2548","048305",2345.77777777778
"2549","048307",2467.5
"2550","048309",2396.9375
"2551","048311",2700.66666666667
"2552","048313",2757.54545454545
"2553","048315",2545.4
"2554","048317",2016
"2555","048319",2734.27272727273
"2556","048321",2972.42857142857
"2557","048323",2265.75
"2558","048325",2873.76923076923
"2559","048327",2468.125
"2560","048329",1817.61538461538
"2561","048331",2400.72727272727
"2562","048333",2636.9
"2563","048335",2065.75
"2564","048337",2682.75
"2565","048339",2468.05555555556
"2566","048341",2386.625
"2567","048343",3007
"2568","048345",2138.8
"2569","048347",2553.86666666667
"2570","048349",2656.53846153846
"2571","048351",2318.91666666667
"2572","048353",2012.22222222222
"2573","048355",3081.33333333333
"2574","048357",2767.25
"2575","048359",2817.85714285714
"2576","048361",2758.92307692308
"2577","048363",1992.47058823529
"2578","048365",2575.75
"2579","048367",2482.53333333333
"2580","048369",2602.375
"2581","048371",2767.25
"2582","048373",2916.64285714286
"2583","048375",2464
"2584","048377",2275.375
"2585","048379",2936.5
"2586","048381",2520.18181818182
"2587","048383",2207.71428571429
"2588","048385",2873.2
"2589","048387",3119.3
"2590","048389",2526.83333333333
"2591","048391",2951.38461538462
"2592","048393",2526.83333333333
"2593","048395",2288.875
"2594","048397",2380.44444444444
"2595","048399",2468.125
"2596","048401",2609.66666666667
"2597","048403",2448.90909090909
"2598","048405",2834.54545454545
"2599","048407",3074.07142857143
"2600","048409",3160.25
"2601","048411",2479.15384615385
"2602","048413",2207.71428571429
"2603","048415",2139.75
"2604","048417",2480.4
"2605","048419",2815.25
"2606","048421",2624.42857142857
"2607","048423",2603.29411764706
"2608","048425",2451.91666666667
"2609","048427",2491.7
"2610","048429",1938.28571428571
"2611","048431",2207.71428571429
"2612","048433",2042.22222222222
"2613","048435",2207.71428571429
"2614","048437",2417.875
"2615","048439",2484.55555555556
"2616","048441",2542.06666666667
"2617","048443",2207.71428571429
"2618","048445",2322.14285714286
"2619","048447",2636.9
"2620","048449",3106.09090909091
"2621","04845",2118.5
"2622","048451",2289.07692307692
"2623","048453",2371.59090909091
"2624","048455",2916.64285714286
"2625","048457",2361.14285714286
"2626","048459",2794.54545454545
"2627","048461",2207.71428571429
"2628","048463",2668.90909090909
"2629","048465",2207.71428571429
"2630","048467",2652
"2631","048469",3004.625
"2632","048471",2708
"2633","048473",2488
"2634","048475",2526.83333333333
"2635","048477",2427.25
"2636","048479",2497.84615384615
"2637","048481",2771.57142857143
"2638","048483",2384.28571428571
"2639","048485",2259.5
"2640","048487",2338.11111111111
"2641","048489",2394.25
"2642","048491",2266.3125
"2643","048493",2599.4
"2644","048495",2526.83333333333
"2645","048497",2364.28571428571
"2646","048499",2583.5
"2647","048501",2322.14285714286
"2648","048503",2218.46153846154
"2649","048505",2371.57142857143
"2650","048507",2841.09090909091
"2651","04856",2767
"2652","048662",2767
"2653","049001",2246
"2654","049003",2246
"2655","049005",2182
"2656","049007",1751
"2657","049009",1837.33333333333
"2658","049011",2054
"2659","049013",1824.66666666667
"2660","049015",2182
"2661","049017",2239
"2662","049019",1751
"2663","049021",2062.5
"2664","049023",1420
"2665","049025",2146.4
"2666","049027",1699.25
"2667","049029",2182
"2668","049031",2182
"2669","049033",1751
"2670","049035",1655.2
"2671","049037",1751
"2672","049039",1936
"2673","049041",2246
"2674","049043",1765.66666666667
"2675","049045",1900
"2676","049047",1962
"2677","049049",1374
"2678","049051",2246
"2679","049053",1796.5
"2680","049055",1751
"2681","049057",2334.66666666667
"2682","049920",2032.33333333333
"2683","050001",2603.72727272727
"2684","050003",2446.44444444444
"2685","050005",2874.35714285714
"2686","050007",2725.72727272727
"2687","050009",2861.625
"2688","05001",3311.57142857143
"2689","050011",2721.72727272727
"2690","050013",2026
"2691","050015",2676.5
"2692","050017",2805
"2693","050019",2596.3
"2694","050021",2523.625
"2695","050023",3111.45454545455
"2696","050025",2405.4
"2697","050027",2545.83333333333
"2698","05003",3321.33333333333
"2699","05005",4001.5
"2700","05007",3209
"2701","05009",3621.16666666667
"2702","05011",3590.33333333333
"2703","05013",3389.5
"2704","05015",3159.5
"2705","05017",3133.25
"2706","05019",3387.14285714286
"2707","05021",3745.54545454545
"2708","05023",3699.44444444444
"2709","05025",3463.4
"2710","05027",3468.46153846154
"2711","05029",3720.92307692308
"2712","05031",3505.33333333333
"2713","05033",3166.33333333333
"2714","05035",3021.75
"2715","05037",3364.875
"2716","05039",3512
"2717","05041",3307.57142857143
"2718","05043",3566.6
"2719","05045",3190.1
"2720","05047",3498.91666666667
"2721","05049",3445.88888888889
"2722","05051",2826.25
"2723","05053",3538
"2724","05055",3664.21428571429
"2725","05057",3637.84615384615
"2726","05059",3531.1
"2727","05061",3457.875
"2728","05063",3747.33333333333
"2729","05065",3447.90909090909
"2730","05067",3705.21428571429
"2731","05069",3898.4
"2732","05071",2890.55555555556
"2733","05073",3586.15384615385
"2734","05075",3446.57142857143
"2735","05077",3675.75
"2736","05079",3760.90909090909
"2737","05081",3552.09090909091
"2738","05083",2901.5
"2739","05085",3434.08333333333
"2740","05087",3390.09090909091
"2741","05089",3807.33333333333
"2742","05091",3550.81818181818
"2743","05093",3094.625
"2744","05095",3414.75
"2745","05097",3110.28571428571
"2746","05099",3381.57142857143
"2747","05100",2186.54545454545
"2748","051000",1866.20879120879
"2749","051001",2270.16666666667
"2750","051003",2417.66666666667
"2751","051005",2231.18181818182
"2752","051007",2289.25
"2753","051009",2663.41666666667
"2754","05101",3868.08333333333
"2755","051011",2452.18181818182
"2756","051013",2309.08333333333
"2757","051015",2651.38461538462
"2758","051017",2585.61538461538
"2759","051019",2687.07692307692
"2760","051021",1691
"2761","051023",2322.25
"2762","051025",2340.33333333333
"2763","051027",2044.28571428571
"2764","051029",2427.9
"2765","05103",3216.46153846154
"2766","051031",2599.72727272727
"2767","051032",2528.36363636364
"2768","051033",2358.69230769231
"2769","051035",1851.57142857143
"2770","051036",2331.6
"2771","051037",2370.88888888889
"2772","051041",2344.7
"2773","051043",2351.6
"2774","051045",2222.15384615385
"2775","051047",2592.90909090909
"2776","051049",2365
"2777","05105",3145.88888888889
"2778","051051",2043.41666666667
"2779","051053",2397.45454545455
"2780","051057",2351.76923076923
"2781","051059",2233.41666666667
"2782","051061",2412.72727272727
"2783","051063",1991.2
"2784","051065",2427.9
"2785","051067",2470.44444444444
"2786","051069",2351.6
"2787","05107",3056.57142857143
"2788","051071",2240.09090909091
"2789","051073",2111.54545454545
"2790","051075",2370.88888888889
"2791","051077",1908.75
"2792","051079",2651.38461538462
"2793","051081",2390.3
"2794","051083",2564.15384615385
"2795","051085",2224.09090909091
"2796","051087",2215.90909090909
"2797","051089",2196.11111111111
"2798","05109",3244
"2799","051091",2461.46153846154
"2800","051093",2197.90909090909
"2801","051095",2186
"2802","051097",2303.76923076923
"2803","051099",2402.13333333333
"2804","051101",2397.45454545455
"2805","051103",2247.83333333333
"2806","051105",2057.81818181818
"2807","051107",2055.44444444444
"2808","051109",2351.5
"2809","05111",3503.92857142857
"2810","051111",2398.8
"2811","051113",2592.90909090909
"2812","051115",2017.1
"2813","051117",2351.1
"2814","051119",2247.83333333333
"2815","051121",2376.33333333333
"2816","051125",2392.61538461538
"2817","051127",2215.90909090909
"2818","05113",3205.55555555556
"2819","051131",2186.25
"2820","051133",2247.83333333333
"2821","051135",2289.25
"2822","051137",2601.41666666667
"2823","051139",2289
"2824","051141",1678.33333333333
"2825","051143",2662.76923076923
"2826","051145",2289.25
"2827","051147",2430.9
"2828","051149",2401.63636363636
"2829","05115",3912.375
"2830","051153",2420.09090909091
"2831","051155",2130.2
"2832","051157",2614.28571428571
"2833","051159",2247.83333333333
"2834","05116",1178
"2835","051160",1929.9
"2836","051161",2523.38461538462
"2837","051163",2615.92307692308
"2838","051165",2139.6
"2839","051167",2057.81818181818
"2840","051169",2087
"2841","05117",3085.72727272727
"2842","051171",2245.33333333333
"2843","051173",1908.33333333333
"2844","051175",1855.71428571429
"2845","051177",2135.22222222222
"2846","051179",2356.66666666667
"2847","051181",2269.41666666667
"2848","051183",1996.09090909091
"2849","051185",2129.78571428571
"2850","051187",2333
"2851","05119",3329.63636363636
"2852","051191",2058.66666666667
"2853","051193",2283.84615384615
"2854","051195",2234.81818181818
"2855","051197",1995.22222222222
"2856","051199",2174.36363636364
"2857","051200",1892.625
"2858","051208",1577.25
"2859","05121",3267.375
"2860","051216",2351.25
"2861","05123",3405.33333333333
"2862","05125",3335.09090909091
"2863","05127",3166.75
"2864","05129",3786.125
"2865","05131",3236.75
"2866","05133",3363
"2867","051344",2244.125
"2868","05135",3676.77777777778
"2869","05137",3556.15384615385
"2870","05139",3552
"2871","051392",1906.125
"2872","05141",3417.53846153846
"2873","051424",2265.66666666667
"2874","05143",3385.57142857143
"2875","051432",2131.18181818182
"2876","05144",2515
"2877","051440",1423.33333333333
"2878","051448",1921.75
"2879","05145",3498.26666666667
"2880","05147",3326.09090909091
"2881","05149",3010.33333333333
"2882","051496",1925.2
"2883","051512",2209
"2884","051600",1855.71428571429
"2885","051624",2019
"2886","051672",2592.6
"2887","051680",2231.66666666667
"2888","051688",1911.25
"2889","051712",824
"2890","051720",1732.85714285714
"2891","051728",1411.16666666667
"2892","051744",2426.6
"2893","051768",2044.36363636364
"2894","051784",1570.2
"2895","051808",2400.2
"2896","051832",1958.6
"2897","051952",2098.66666666667
"2898","051968",1977.53333333333
"2899","053001",2990
"2900","053003",2583.6
"2901","053005",2526
"2902","053007",1486.65517241379
"2903","053009",3095.09090909091
"2904","053011",3251.57142857143
"2905","053013",2209.5
"2906","053015",2956.28571428571
"2907","053017",1917.75
"2908","053019",2046.71428571429
"2909","053021",2825
"2910","053023",2535.4
"2911","053025",2428
"2912","053027",3118
"2913","053029",3184.7
"2914","053031",2984.27272727273
"2915","053033",3122.76923076923
"2916","053035",3114.44444444444
"2917","053037",2220.08333333333
"2918","053039",2161.45454545455
"2919","053041",3109.72727272727
"2920","053043",2886.16666666667
"2921","053045",3142
"2922","053047",1380
"2923","053049",3072.4
"2924","053051",2525.1
"2925","053053",3127.41666666667
"2926","053055",3066.71428571429
"2927","053057",3221.8
"2928","053059",2644.25
"2929","053061",3005.35714285714
"2930","053063",2357.88888888889
"2931","053065",2055.2
"2932","053067",3161.33333333333
"2933","053069",3007.18181818182
"2934","053071",2738.33333333333
"2935","053073",2960.66666666667
"2936","053075",2867.83333333333
"2937","053077",2063.71428571429
"2938","053105",958
"2939","053240",798.5
"2940","053715",958
"2941","053995",958
"2942","054001",1929
"2943","054003",1964.83333333333
"2944","054005",1907.76470588235
"2945","054007",2064.14285714286
"2946","054009",1756.6
"2947","054011",2063.83333333333
"2948","054013",2155.6
"2949","054015",1946.66666666667
"2950","054017",1996
"2951","054019",1853.53846153846
"2952","054021",2101.26666666667
"2953","054023",1735.33333333333
"2954","054025",1885
"2955","054027",1814.7
"2956","054029",1756.6
"2957","054031",1735.33333333333
"2958","054033",2041.84615384615
"2959","054035",1940.07692307692
"2960","054037",1864.66666666667
"2961","054039",2100.9
"2962","054041",1994.93333333333
"2963","054043",2125.6
"2964","054045",2007.84210526316
"2965","054047",2017
"2966","054049",2046.85714285714
"2967","054051",1919.33333333333
"2968","054053",2241.15384615385
"2969","054055",2065.82352941176
"2970","054057",1822.63636363636
"2971","054059",2074.8
"2972","054061",1876.33333333333
"2973","054063",1626.25
"2974","054065",1905.63636363636
"2975","054067",2018.73333333333
"2976","054069",1852.72727272727
"2977","054071",2054
"2978","054073",1659.875
"2979","054075",2074.14285714286
"2980","054077",2073.69230769231
"2981","054079",2081.6
"2982","054081",2088.70588235294
"2983","054083",2102.46153846154
"2984","054085",1877.53846153846
"2985","054087",2039.2
"2986","054089",1984.63636363636
"2987","054091",1946.5
"2988","054093",2174.86666666667
"2989","054095",2138.28571428571
"2990","054097",2020.61538461538
"2991","054099",2067.0625
"2992","054101",1968.5
"2993","054103",2260.25
"2994","054105",2075.30769230769
"2995","054107",1871.33333333333
"2996","054109",2032.22222222222
"2997","055",1660
"2998","055001",3325.42857142857
"2999","055003",2950
"3000","055005",3045
"3001","055007",2697.75
"3002","055009",3091
"3003","055011",2760.2
"3004","055013",3045
"3005","055015",3203.66666666667
"3006","055017",3186.4
"3007","055019",2975.14285714286
"3008","055021",3196.14285714286
"3009","055023",3100.11111111111
"3010","055025",2796.91666666667
"3011","055027",2875.57142857143
"3012","055029",2415.5
"3013","055031",2697.75
"3014","055033",3188.4
"3015","055035",3123.66666666667
"3016","055037",2426.5
"3017","055039",2842
"3018","055041",2809.5
"3019","055043",3114.22222222222
"3020","055045",2757.81818181818
"3021","055047",3176.25
"3022","055049",3063
"3023","055051",3084
"3024","055053",2977.14285714286
"3025","055055",2704
"3026","055057",3018.55555555556
"3027","055059",2870.88888888889
"3028","055061",2608
"3029","055063",3127.83333333333
"3030","055065",3138
"3031","055067",2348.5
"3032","055069",3109.33333333333
"3033","055071",2789.5
"3034","055073",2883.66666666667
"3035","055075",2375
"3036","055077",3176.25
"3037","055078",3145.5
"3038","055079",2974.8
"3039","055081",3095.66666666667
"3040","055083",1660
"3041","055085",2937.33333333333
"3042","055087",3177.6
"3043","055089",2887.16666666667
"3044","055091",2999.25
"3045","055093",2999.25
"3046","055095",3045
"3047","055097",2975.14285714286
"3048","055099",3130.25
"3049","055101",2873.7
"3050","055103",3047.125
"3051","055105",2829.11111111111
"3052","055107",3334
"3053","055109",3213
"3054","055111",3047.125
"3055","055113",2962.25
"3056","055115",3102
"3057","055117",2828.8
"3058","055119",2621
"3059","055121",2813.5
"3060","055123",3100.11111111111
"3061","055125",2426.5
"3062","055127",2667
"3063","055129",3045
"3064","055131",2516.71428571429
"3065","055133",2815.22222222222
"3066","055135",3186.4
"3067","055137",3034
"3068","055139",3203.66666666667
"3069","055141",2975.14285714286
"3070","055600",2414
"3071","056001",1493.6
"3072","056003",2526
"3073","056005",2234
"3074","056007",2526
"3075","056009",1169.5
"3076","056011",1641
"3077","056013",2484.5
"3078","056015",2034.33333333333
"3079","056019",2526
"3080","056023",1826
"3081","056025",1850.33333333333
"3082","056027",1827
"3083","056031",1964.5
"3084","056033",1223.66666666667
"3085","056037",2526
"3086","056039",2294.5
"3087","056041",2526
"3088","056043",2526
"3089","056045",1803
"3090","056200",2484.5
"3091","06001",5486.875
"3092","060010",4861.2
"3093","060020",4956.75
"3094","06003",5302
"3095","060030",5189.66666666667
"3096","060040",5189.66666666667
"3097","06005",5391.2
"3098","060050",4861.2
"3099","06007",2874.92857142857
"3100","06009",3904.42857142857
"3101","06011",4875.83333333333
"3102","06013",5903.14285714286
"3103","06015",4901.33333333333
"3104","06017",3543.14285714286
"3105","06019",4553.375
"3106","06021",4875.83333333333
"3107","06023",5170.77777777778
"3108","06025",3995.6
"3109","06027",3214.33333333333
"3110","06029",2746.31818181818
"3111","06031",4643.66666666667
"3112","06033",3686.125
"3113","06035",4805.66666666667
"3114","06037",2722.0243902439
"3115","06039",3630.27272727273
"3116","06041",5291.42857142857
"3117","06043",3122.85714285714
"3118","06045",4064.5
"3119","06047",4263.71428571429
"3120","06049",4712.33333333333
"3121","06051",4875.66666666667
"3122","06053",4441.41666666667
"3123","06055",3273.07142857143
"3124","06057",3636.16666666667
"3125","06059",4142.58823529412
"3126","06061",3056.33333333333
"3127","06063",4583.375
"3128","06065",2812.93548387097
"3129","06067",5790.16666666667
"3130","06069",5119.66666666667
"3131","06071",2995.9
"3132","06073",2615.80769230769
"3133","06075",5683.8
"3134","06077",4885.28571428571
"3135","06079",4650
"3136","06081",4731.125
"3137","06083",3416.82352941176
"3138","06085",4206.5
"3139","06087",3381.30769230769
"3140","06089",2770.94736842105
"3141","06091",5302
"3142","06093",3821.83333333333
"3143","06095",4259.22222222222
"3144","06097",3356
"3145","06099",4237.66666666667
"3146","06101",4875.83333333333
"3147","06103",4193.7
"3148","06105",4217.3
"3149","06107",4553.375
"3150","06109",4687
"3151","06111",3133.30769230769
"3152","06113",4875.83333333333
"3153","06115",3804.88888888889
"3154","06522",449
"3155","06554",2508
"3156","066010",3952.5
"3157","069085",3353
"3158","069100",3969.875
"3159","069110",3949.5
"3160","069120",3949.5
"3161","072",6969
"3162","072001",3656.2
"3163","072003",3158
"3164","072005",3158
"3165","072007",3643.7
"3166","072009",3597.2
"3167","072011",3286.85714285714
"3168","072013",3540.71428571429
"3169","072015",3601.33333333333
"3170","072017",3617.75
"3171","072019",3643.7
"3172","072021",3427.66666666667
"3173","072023",3309.75
"3174","072025",3617.75
"3175","072027",3540.71428571429
"3176","072029",3604.3
"3177","072031",3552
"3178","072033",3373.125
"3179","072035",3597.2
"3180","072037",3542.88888888889
"3181","072039",3586.66666666667
"3182","072041",3617.75
"3183","072043",3601.33333333333
"3184","072045",3619.22222222222
"3185","072047",3581.125
"3186","072049",3339.125
"3187","072051",3617.75
"3188","072053",3430
"3189","072054",3540.71428571429
"3190","072055",3309.75
"3191","072057",3601.33333333333
"3192","072059",3321
"3193","072061",3373.125
"3194","072063",3617.75
"3195","072065",3540.71428571429
"3196","072067",2972.5
"3197","072069",3617.75
"3198","072071",3158
"3199","072073",3636.6
"3200","072075",3241
"3201","072077",3575
"3202","072079",3182.75
"3203","072081",3600.55555555556
"3204","072083",3286.85714285714
"3205","072085",3540.71428571429
"3206","072087",3604.3
"3207","072089",3404.875
"3208","072091",3540.71428571429
"3209","072093",3321
"3210","072095",3601.33333333333
"3211","072097",3158
"3212","072099",3286.85714285714
"3213","072101",3581.125
"3214","072103",3483.45454545455
"3215","072105",3627.6
"3216","072107",3636.6
"3217","072109",3601.33333333333
"3218","072111",3543.125
"3219","072113",3611.33333333333
"3220","072115",3158
"3221","072117",3286.85714285714
"3222","072119",3531.875
"3223","072121",3043.57142857143
"3224","072123",3597.2
"3225","072125",3309.75
"3226","072127",3223.55555555556
"3227","072129",3627.90909090909
"3228","072131",3158
"3229","072133",3348.33333333333
"3230","072135",3540.71428571429
"3231","072137",3461.2
"3232","072139",3540.71428571429
"3233","072141",3621.45454545455
"3234","072143",3581.125
"3235","072145",3540.71428571429
"3236","072147",3339.125
"3237","072149",3611.33333333333
"3238","072151",3477
"3239","072153",3337.55555555556
"3240","078",2503
"3241","078010",4088
"3242","078020",4088
"3243","078030",4088
"3244","08001",1948.6
"3245","08003",2406.33333333333
"3246","08005",1948.6
"3247","08007",2304
"3248","08009",2825.2
"3249","08011",2389
"3250","08013",1715.44444444444
"3251","08014",1723.5
"3252","08015",2406.33333333333
"3253","08017",2359.75
"3254","08019",2623.6
"3255","08021",2304
"3256","08023",2104.5
"3257","08025",2473.28571428571
"3258","08027",1969.22222222222
"3259","08029",2095.33333333333
"3260","08031",1948.6
"3261","08033",2304
"3262","08035",2109
"3263","08037",2502
"3264","08039",2620.66666666667
"3265","08041",1933.5
"3266","08043",1932.77777777778
"3267","08045",1998.16666666667
"3268","08047",2132.75
"3269","08049",2406.33333333333
"3270","08051",2194.25
"3271","08053",2304
"3272","08055",1985.33333333333
"3273","08057",2406.33333333333
"3274","08059",1780.125
"3275","08061",2772
"3276","08063",2304
"3277","08065",2304
"3278","08067",2209.6
"3279","08069",2078.05555555556
"3280","08071",1799.88888888889
"3281","08073",3149.25
"3282","08075",2740
"3283","08077",2059.66666666667
"3284","08079",1951
"3285","08081",2304
"3286","08083",2055.33333333333
"3287","08085",2048
"3288","08087",2714.2
"3289","08089",2666
"3290","08091",2304
"3291","08093",2242.85714285714
"3292","08095",3249.33333333333
"3293","08097",2304
"3294","08099",2819.25
"3295","08101",1913.77777777778
"3296","08103",2304
"3297","08105",1998.75
"3298","08107",2304
"3299","08109",2406.33333333333
"3300","08111",2304
"3301","08113",2048
"3302","08115",2530.5
"3303","08117",2406.33333333333
"3304","08119",1976.66666666667
"3305","08121",2086.8
"3306","08123",2709.75
"3307","08125",2636.66666666667
"3308","08340",2849
"3309","08930",2849
"3310","09000",1450
"3311","09001",1972.75
"3312","09003",1986.375
"3313","09005",2119.86666666667
"3314","09007",2050.38461538462
"3315","09009",2150.11764705882
"3316","09011",2060.13333333333
"3317","09013",1826.85714285714
"3318","09015",1950.73333333333
"3319","09105",2399
